Target ID,Title,Live Site Status,QA Result,QA Issue - Content,QA Issue - Appearence,QA Issue - Functionality,Open Access,Primary URL,Other URLs
2949,Scotland.org,LIVE,QA issues found,False,False,False,True,http://www.scotland.org/,['https://www.scotland.org/sitemap.xml']
2201,John Redwood (Conservative  Politician),LIVE,No QA issues found (OK to publish),True,False,False,True,http://www.johnredwoodsdiary.com/,['http://johnredwoodsdiary.com/']
42922,Historic Environment Scotland / Àrainneachd Eachdraidheil Alba,LIVE,"QA issues, but OK to publish",False,False,False,True,https://www.historicenvironment.scot/,"['https://pub-prod-sdk.azurewebsites.net/api/file/', 'https://hesmainprod.blob.core.windows.net/', 'https://www.historicenvironment.scot/sitemap.xml']"
16040,NHS 24,LIVE,"QA issues, but OK to publish",True,False,False,True,http://www.nhs24.com/,['http://www.nhs24.com/sitemap/']
13721,Stewart Stevenson MSP,LIVE,QA issues found,True,False,False,True,http://stewartstevenson.blogspot.com/,"['http://stewartstevenson-surgeries.blogspot.com/', 'http://stewartstevenson-comment.blogspot.com/', 'http://stewartstevenson-oral.blogspot.com/', 'http://stewartstevenson-oralanswersgiven.blogspot.com/', 'http://stewartstevenson-speeches.blogspot.com/']"
3153,Scottish Labour Party,LIVE,No QA issues found (OK to publish),False,False,False,True,http://www.scottishlabour.org.uk/,[]
14273,Labour List,LIVE,No QA issues found (OK to publish),False,False,False,True,http://labourlist.org/,[]
4258,Scottish Communists,LIVE,QA issues found,True,False,False,True,http://www.scottishcommunists.org.uk/,[]
3157,Scottish National Party,LIVE,QA issues found,True,False,False,True,http://www.snp.org/,"['http://www.snp.org/sitemap_index.xml', 'https://maxcdn.bootstrapcdn.com/', 'https://thesnp.nationbuilder.com/']"
3154,Scottish Liberal Democrats,LIVE,No QA issues found (OK to publish),False,False,False,True,http://www.scotlibdems.org.uk/,[]
15947,"Standards Commission for Scotland, The",LIVE,QA issues found,False,False,False,True,http://www.standardscommissionscotland.org.uk/,['http://www.standardscommissionscotland.org.uk/sitemap.xml']
3152,"Scottish Government, The ",LIVE,"QA issues, but OK to publish",False,False,False,True,http://www.gov.scot/,"['http://www.gov.scot/Topics/', 'http://www.gov.scot/Site-Map', 'http://www.gov.scot/seso/SiteMap.aspx']"
21585,Mike Scott-Hayward,LIVE,No QA issues found (OK to publish),True,False,False,True,http://mikescotthayward.blogspot.co.uk/,[]
3013,British Library,LIVE,No QA issues found (OK to publish),False,False,False,True,http://www.bl.uk/,[]
3180,Transport Scotland / Comhdhail Alba,LIVE,QA issues found,False,False,False,True,https://www.transport.gov.scot/,['https://www.transport.gov.scot/sitemap.xml']
32241,"EPCC, University of Edinburgh",LIVE,No QA issues found (OK to publish),False,False,False,True,http://www.epcc.ed.ac.uk/,[]
81663,Hana Feels,LIVE,No QA issues found (OK to publish),False,False,False,True,http://hanafeels.com/index.html,"['http://hanafeels.com/images/will.png', 'http://hanafeels.com/images/mother.png', 'http://hanafeels.com/images/ernie.png', 'http://hanafeels.com/images/jen.png', 'http://hanafeels.com/images/christine.png', 'http://hanafeels.com/images/hanalogo.png', 'http://hanafeels.com/images/hanasil.png', 'http://hanafeels.com/images/hana2.png', 'http://hanafeels.com/images/hana.png', 'http://hanafeels.com/images', 'http://hanafeels.com/']"
3184,UK Web Archive,LIVE,QA issues found,False,False,False,True,http://www.webarchive.org.uk/,[]
72416,My World of Work,LIVE,"QA issues, but OK to publish",False,False,False,True,http://www.myworldofwork.co.uk/,['https://www.myworldofwork.co.uk/sitemap.xml']
55687,Scottish Geology,LIVE,QA issues found,False,False,False,True,http://www.scottishgeology.com/,"['https://www.scottishgeology.com/comments/feed/', 'https://www.scottishgeology.com/feed/']"
81701,Ughdarras nan Croitearan / Crofter's Commission,LIVE,"QA issues, but OK to publish",False,False,False,True,http://www.crofterscommission.org.uk/,[]
72471,East Renfrewshire Council,LIVE,No QA issues found (OK to publish),False,False,False,True,https://eastrenfrewshire.gov.uk/Home,[]
72486,Can Stop Smoking,,"QA issues, but OK to publish",False,False,False,True,http://www.canstopsmoking.com/,[]
72485,Act against harm: adult support and protection,,No QA issues found (OK to publish),False,False,False,True,http://www.actagainstharm.org/,[]
978,Royal College of Nursing,,QA issues found,False,False,False,True,https://www.rcn.org.uk/,[]
2971,Next,,QA issues found,False,False,False,True,http://www.next.co.uk/,[]
14349,Forestry Commission Scotland,LIVE,"QA issues, but OK to publish",False,False,False,True,http://scotland.forestry.gov.uk/,['http://scotland.forestry.gov.uk/sitemap']
1000,Royal College of Paediatrics and Child Health (RCPCH),LIVE,QA issues found,False,False,False,True,http://www.rcpch.ac.uk/,[]
16718,Digital Scotland,VANISHED,No QA issues found (OK to publish),False,False,False,True,http://www.scotlandsdigitalfuture.org,[]
85454,Road Safety Scotland,LIVE,QA issues found,False,False,False,True,https://roadsafety.scot/,['https://roadsafety.scot/sitemap.xml']
32546,Public Appointments,LIVE,"QA issues, but OK to publish",False,False,False,True,http://www.publicappointments.org/,[]
3264,Our NHS Scotland,,No QA issues found (OK to publish),False,False,False,True,http://www.ournhsscotland.com/,[]
3251,Organ Donation Scotland,,"QA issues, but OK to publish",False,False,False,True,http://www.organdonationscotland.org/,[]
30460,Get into Gear,LIVE,QA issues found,False,False,True,True,http://www.getintogear.info/,[]
16776,Feedgood Factor,,No QA issues found (OK to publish),False,False,False,True,http://www.feedgoodfactor.org.uk/,[]
30280,DrinkSmarter,LIVE,No QA issues found (OK to publish),False,False,True,True,http://www.drinksmarter.org/,[]
8222,Tom Leonard,,QA issues found,False,False,False,True,http://www.tomleonard.co.uk/,['http://www.tomleonard.co.uk/sitemap.xml']
16065,NHS National Services Scotland,LIVE,QA issues found,True,False,False,True,https://nhsnss.org/,['https://nhsnss.org/sitemap']
16072,"State Hospital, The",LIVE,"QA issues, but OK to publish",True,False,False,True,https://www.tsh.scot.nhs.uk/,['https://www.tsh.scot.nhs.uk/Site_Map.htm']
15945,Scottish Human Rights Commission (SHRC),LIVE,No QA issues found (OK to publish),False,False,False,True,http://www.scottishhumanrights.com/,['http://www.scottishhumanrights.com/sitemap.xml']
3825,Guido Fawkes Blog,,No QA issues found (OK to publish),False,False,False,True,http://order-order.com/,[]
14541,Risk Management Authority (RMA),,No QA issues found (OK to publish),False,False,False,True,http://www.rmascotland.gov.uk/,['http://www.rmascotland.gov.uk/sitemap.xml']
13905,North Ayrshire Council,LIVE,"QA issues, but OK to publish",False,False,False,True,http://www.north-ayrshire.gov.uk/,[]
15985,NHS Lanarkshire,LIVE,QA issues found,True,False,True,True,http://www.nhslanarkshire.org.uk/,['http://www.nhslanarkshire.org.uk/mapsite/Pages/default.aspx']
15979,NHS Dumfries & Galloway,LIVE,QA issues found,True,False,False,True,http://www.nhsdg.scot.nhs.uk/Dumfries_and_Galloway_NHS,['http://www.nhsdg.scot.nhs.uk/sitemap.xml']
15983,NHS Greater Glasgow and Clyde,LIVE,QA issues found,False,False,False,True,http://www.nhsggc.org.uk/,['http://www.nhsggc.org.uk/seo-sitemap']
48263,NHS Borders,LIVE,"QA issues, but OK to publish",False,False,False,True,http://www.nhsborders.scot.nhs.uk/patients-and-visitors/,[]
16047,NHS Education for Scotland (NES),LIVE,No QA issues found (OK to publish),False,False,False,True,http://www.nes.scot.nhs.uk/,['http://www.nes.scot.nhs.uk/sitemap.aspx']
16029,Mental Welfare Commission for Scotland,LIVE,"QA issues, but OK to publish",False,False,False,True,http://www.mwcscot.org.uk/,['http://www.mwcscot.org.uk/cultivsearchenginesitemap.aspx']
13903,Midlothian Council,LIVE,"QA issues, but OK to publish",False,False,False,True,http://www.midlothian.gov.uk/,"['https://www.midlothian.gov.uk/images', 'https://www.midlothian.gov.uk/sitemap.xml']"
56563,Judicial Appointments Board for Scotland,LIVE,"QA issues, but OK to publish",False,False,False,True,https://www.judicialappointments.scot/,['https://www.judicialappointments.scot/sites/all/themes']
48262,Judicial Appointments Board for Scotland,LIVE,"QA issues, but OK to publish",False,False,False,True,https://www.judicialappointmentsscotland.gov.uk/,[]
15951,Her Majesty's Inspectorate of Constabulary in Scotland (HMICS),LIVE,QA issues found,False,False,False,True,http://www.hmics.org/,['http://www.hmics.org/sitemap/']
3007,Bòrd na Gàidhlig ,DEAD,"QA issues, but OK to publish",False,False,False,True,http://www.gaidhlig.org.uk/,[]
13897,Falkirk Council,LIVE,No QA issues found (OK to publish),False,False,False,True,https://www.falkirk.gov.uk/,[]
13890,Dundee City Council,LIVE,"QA issues, but OK to publish",False,False,False,True,http://www.dundeecity.gov.uk,['http://www.dundeecity.gov.uk/sitemap.xml']
13889,Clackmannanshire Council Online,LIVE,"QA issues, but OK to publish",False,False,False,True,http://www.clacks.gov.uk/,[]
14518,Children's Hearings Scotland (CHS),LIVE,"QA issues, but OK to publish",True,False,False,True,http://www.chscotland.gov.uk,[]
72470,Argyll and Bute Council,,"QA issues, but OK to publish",False,False,False,True,http://www.argyll-bute.gov.uk/,[]
50556,Health & Care Professions Council,LIVE,No QA issues found (OK to publish),False,False,False,True,http://www.hcpc-uk.org/,[]
15981,NHS Forth Valley,LIVE,No QA issues found (OK to publish),True,False,True,True,http://nhsforthvalley.com/,['https://nhsforthvalley.com/sitemap.xml']
72345,Public Contracts Scotland,,"QA issues, but OK to publish",False,False,False,True,https://www.publiccontractsscotland.gov.uk/Default.aspx,[]
15986,NHS Lothian,LIVE,QA issues found,True,False,False,True,http://www.nhslothian.scot.nhs.uk/Pages/default.aspx,['https://www.nhslothian.scot.nhs.uk/sitemap.xml']
15889,Accountant in Bankruptcy (AiB),LIVE,"QA issues, but OK to publish",False,False,False,True,https://www.aib.gov.uk/,"['https://www.aib.gov.uk/sites/all/themes/omega/omega/css/', 'https://www.aib.gov.uk/debt-arrangement-scheme/sitemap.xml', 'https://www.aib.gov.uk/sitemap']"
14552,Skills Development Scotland,LIVE,QA issues found,False,False,False,True,http://www.skillsdevelopmentscotland.co.uk/,[]
15532,Revenue Scotland,LIVE,QA issues found,False,False,False,True,https://www.revenue.scot/,[]
3158,Scottish Natural Heritage / Dualchas Nàdair na h-Alba,LIVE,QA issues found,False,False,False,True,http://www.snh.gov.uk/,['http://www.snh.gov.uk/sitemap.xml']
3159,Scottish Parliament - Parlamaid na h-Alba,LIVE,QA issues found,False,False,False,True,http://www.scottish.parliament.uk/,[]
15896,Student Awards Agency For Scotland (SAAS),LIVE,No QA issues found (OK to publish),True,False,False,True,http://www.saas.gov.uk/,['http://www.saas.gov.uk/sitemap.xml']
11883,cameras | a co-ordinated agenda for marine environment rural affairs science,LIVE,No QA issues found (OK to publish),False,False,False,True,http://www.camerasscotland.org/,[]
18245,"Welsh Liberal Democrats, Democrataid Rhyddfrydol Cymru",LIVE,"QA issues, but OK to publish",True,False,False,True,http://www.demrhyddcymru.cymru/,['http://www.welshlibdems.wales/']
18245,"Welsh Liberal Democrats, Democrataid Rhyddfrydol Cymru",LIVE,"QA issues, but OK to publish",True,False,False,True,http://www.demrhyddcymru.cymru/,['http://www.welshlibdems.wales/']
1219,"View from Rural Wales, A - Glyn Davies",,QA issues found,False,False,False,True,http://glyn-davies.blogspot.co.uk/,[]
19895,Rural Payments and Services,LIVE,No QA issues found (OK to publish),False,False,False,True,https://www.ruralpayments.org/,[]
1218,Socialist Party Wales: Death of Margaret Thatcher,,No QA issues found (OK to publish),False,False,False,True,http://www.socialistpartywales.org.uk/,"['http://www.socialistparty.org.uk/articles/9735', 'http://www.socialistpartywales.org.uk/news156.shtml']"
9577,"Welsh Conservatives, Ceidwadwyr Cymreig",LIVE,No QA issues found (OK to publish),False,False,False,True,http://www.welshconservatives.com/,[]
9578,Welsh Labour | Llafur Cymru,LIVE,QA issues found,True,False,False,True,http://www.welshlabour.org.uk/,['https://www.welshlabour.wales/']
3144,Scottish Conservatives,LIVE,"QA issues, but OK to publish",True,False,False,True,http://www.scottishconservatives.com/,['http://www.scottishconservatives.com/sitemap.xml']
2177,Highlands and Islands Scottish Christian Party,DEAD,No QA issues found (OK to publish),False,False,False,True,http://www.highlandscp.org/,['http://www.scottishchristianparty.org.uk/about']
4903,Socialist Workers Party,LIVE,QA issues found,True,False,False,True,http://www.swp.org.uk/,[]
15890,British Influence,LIVE,QA issues found,True,False,False,True,http://www.britishinfluence.org/,"['https://view.publitas.com/british-influence/', 'http://ajax.googleapis.com/ajax/libs/jqueryui/1.10.0/themes/cupertino/jquery-ui.css', 'http://maxcdn.bootstrapcdn.com/font-awesome/4.3.0/css/font-awesome.min.css', 'http://www.britishinfluence.nationbuilder.org/']"
4900,About My Vote,LIVE,No QA issues found (OK to publish),False,False,False,True,http://www.aboutmyvote.co.uk/,[]
16363,Mind: General Election 2015,,No QA issues found (OK to publish),False,False,False,True,http://www.mind.org.uk/about-us/policies-issues/in-parliament/mind-manifesto-election-2015/,[]
10066,Phil Bradley's website - Making the net easier,LIVE,No QA issues found (OK to publish),False,False,False,True,http://www.philb.com/,[]
18024,United Kingdom Literacy Association (UKLA) ,LIVE,No QA issues found (OK to publish),False,False,False,True,http://www.ukla.org/,[]
58135,"Nye and Jennie: A working class tale of life, labour and love",LIVE,"Failed, Do Not Publish",False,False,False,True,https://www.nyeandjennie.com/,[]
30450,Internet Librarian International,LIVE,No QA issues found (OK to publish),False,False,False,True,http://www.internet-librarian.com/,[]
33266,"Irish Story, The ",LIVE,No QA issues found (OK to publish),False,False,False,True,http://www.theirishstory.com,[]
33077,Come Here to Me,LIVE,QA issues found,True,False,False,True,http://comeheretome.com/tag/1916-rising/,[]
2437,Librarians' Information Literacy Annual Conference (LILAC),LIVE,No QA issues found (OK to publish),False,False,False,True,http://lilacconference.com/,[]
2999,Art Exchange,LIVE,No QA issues found (OK to publish),False,False,False,True,http://www.artcollaboration.co.uk/,[]
2023,Manuel Vason,LIVE,QA issues found,False,False,False,True,http://www.manuelvason.com/,[]
3044,Duckie,LIVE,No QA issues found (OK to publish),False,False,False,True,http://www.duckie.co.uk/,[]
3267,"Do something creative, do science",LIVE,QA issues found,False,False,False,True,http://www.doscience.org/,[]
33111,‘Paddy Joe’ (1895-1960): a tribute to a 1916 fighter,LIVE,QA issues found,True,False,False,True,http://www.1916-rising.com/,[]
29625,Irish in Britain: Ireland Inspires Blog: Commemorating the 1916 Centenary in Britain with Irish Ambassador to Britain Dan Mulhall,LIVE,No QA issues found (OK to publish),False,False,False,True,http://www.irishinbritain.org/what-we-do/culture/ireland-inspires-blog/july-2015,[]
33371,Richmond Barracks,LIVE,No QA issues found (OK to publish),False,False,False,True,http://www.richmondbarracks.ie/,[]
29304,Slugger O'Toole: 1916 Centenary – Cherishing All the Children Equally?,LIVE,No QA issues found (OK to publish),False,False,False,True,http://sluggerotoole.com/2015/04/01/1916-centenary-cherishing-all-the-children-equally/,[]
32789,Trinity College Dublin: Decade of Commemoration,LIVE,No QA issues found (OK to publish),True,False,True,True,https://www.tcd.ie/decade-commemoration/,[]
29169,London Celtic Punks,LIVE,QA issues found,False,False,False,True,https://londoncelticpunks.wordpress.com/,[]
32781,Changed Utterly: Ireland and the Easter Rising,LIVE,No QA issues found (OK to publish),False,False,False,True,https://www.tcd.ie/Library/1916/,[]
1363,Centenary News,LIVE,No QA issues found (OK to publish),False,False,False,True,http://www.centenarynews.com/,[]
29292,BBC News: Easter Rising centenary: Water charges protesters disrupt launch,LIVE,No QA issues found (OK to publish),False,False,False,True,http://www.bbc.co.uk/news/world-europe-30034106,[]
29466,BBC News: 1916 Easter Rising: Royal family not invited to centenary commemorations,LIVE,No QA issues found (OK to publish),False,False,False,True,http://www.bbc.co.uk/news/uk-northern-ireland-33692029,[]
29291,BBC News: 1916 commemoration: Royal presence in Dublin unlikely,LIVE,No QA issues found (OK to publish),False,False,False,True,http://www.bbc.co.uk/news/world-europe-31306103,[]
33209,1916 Sackville Street Art Project ,LIVE,No QA issues found (OK to publish),False,False,False,True,http://1916sackvillestreet.com/,[]
33036,Easter Rising 1916,LIVE,No QA issues found (OK to publish),False,False,False,True,http://www.1916rising.ie/,[]
33320,Easter 1916,LIVE,No QA issues found (OK to publish),False,False,False,True,http://www.easter1916.net/,[]
33397,Irish Medals Easter Rising,LIVE,No QA issues found (OK to publish),False,False,False,True,http://www.irishmedals.org/,['http://www.irishmedals.org/the-1916-rising.html']
29626,Irish in Britain,LIVE,No QA issues found (OK to publish),False,False,False,True,http://www.irishinbritain.org/,[]
29608,Institute of Opinion: Remembering 1916 in Ireland,LIVE,No QA issues found (OK to publish),False,False,False,True,http://www.instituteofopinion.com/2014/12/remembering-1916-in-ireland/,[]
29620,Institute of Opinion (IOO),LIVE,No QA issues found (OK to publish),False,False,False,True,http://www.instituteofopinion.com/,[]
29503,Creative Centenaries,LIVE,QA issues found,False,False,False,True,http://creativecentenaries.org/,[]
29170,Connolly Association,LIVE,QA issues found,True,False,False,True,http://www.connollyassociation.org.uk/,[]
29165,London Celtic Punks: Connolly Association Fundraiser,LIVE,No QA issues found (OK to publish),False,False,False,True,https://londoncelticpunks.wordpress.com/events/connolly-association/,[]
32954,"1916 Relatives Association, The ",LIVE,QA issues found,False,False,False,True,http://www.1916relatives.com/,[]
44719,"Scottish Government, The [Beta]",LIVE,QA issues found,False,False,False,True,https://beta.gov.scot/,"['https://beta.gov.scot/sitemap.xml', 'https://beta.gov.scot/sitemap.publications.xml', 'https://beta.gov.scot/sitemap.news.xml']"
14595,"Scottish Charity Appeals Panel, The (SCAP)",VANISHED,No QA issues found (OK to publish),False,False,False,True,http://www.scap.gov.uk/,['http://www.scap.gov.uk/sitemap/']
16705,Blue Badge Scheme in Scotland,VANISHED,No QA issues found (OK to publish),False,False,False,True,http://www.bluebadgescotland.org/,[]
14590,"Additional Support Needs Tribunals for Scotland, The (ASNTS)",VANISHED,"QA issues, but OK to publish",False,False,False,True,http://www.asntscotland.gov.uk/,['https://www.asntscotland.gov.uk/sitemap.xml']
14593,Parole Board for Scotland,LIVE,QA issues found,False,False,False,True,http://www.scottishparoleboard.gov.uk/,[]
14544,Scottish Criminal Cases Review Commission (SCCRC),LIVE,No QA issues found (OK to publish),False,False,False,True,http://www.sccrc.org.uk/home.aspx,"['http://www.sccrc.org.uk', 'http://www.sccrc.org.uk/sitemap.xml.gz']"
53904,"The Scottish Government - Talking ""Fracking"": A consultation on unconventional oil and gas",DEAD,"QA issues, but OK to publish",False,False,False,True,http://www.talkingfracking.scot,[]
16791,Take it right outside - Second-hand smoke,DEAD,No QA issues found (OK to publish),False,False,False,True,http://www.rightoutside.org/,['http://www.rightoutside.org/sitemap.xml']
33252,Local History from North Kildare,LIVE,No QA issues found (OK to publish),False,False,False,True,http://seamuscullen.net/maynooth_1916,[]
3172,Sport Scotland,LIVE,QA issues found,True,False,True,True,https://sportscotland.org.uk/,['https://sportscotland.org.uk/sitemap.xml']
31029,Còisir Ghàidhlig na Leargaidh Ghallda / Largs Gaelic Choir,LIVE,"QA issues, but OK to publish",False,False,False,True,http://largsgaelic.moonfruit.com/,['http://largsgaelic.moonfruit.com/sitemap.xml']
2995,Am Baile - Highland History and Culture,LIVE,QA issues found,True,False,False,True,http://www.ambaile.org.uk/,['http://www.ambaile.org.uk/sitemaps/ambaile-index.xml']
19897,Scottish Socialist Party on Twitter,LIVE,"QA issues, but OK to publish",False,False,False,True,https://twitter.com/The_SSP_/,[]
60151,Digital Library Futures,LIVE,QA issues found,False,False,False,True,http://elegaldeposit.org/,['http://elegaldeposit.org/sitemap.xml']
69721,RCPsych in Scotland,LIVE,No QA issues found (OK to publish),False,False,False,True,https://www.rcpsych.ac.uk/members/divisions/rcpsychinscotland.aspx,[]
1992,National Library of Wales,LIVE,No QA issues found (OK to publish),False,False,False,True,http://www.nlw.org.uk/,"['http://www.llgc.org.uk/', 'http://digidol.llgc.org.uk/', 'https://viewer.library.wales/', 'https://syllwr.llyfrgell.cymru/']"
3123,Press Association (PA),LIVE,QA issues found,False,False,False,True,https://www.pressassociation.com/,[]
8671,"James Hutton Institute, The",,No QA issues found (OK to publish),True,False,False,True,http://www.hutton.ac.uk/,['http://www.hutton.ac.uk/sitemap.xml']
2842,Equality and Human Rights Commission,LIVE,QA issues found,False,False,False,True,http://www.equalityhumanrights.com/,[]
34893,Michael Russell MSP | MSP for Argyll and Bute (SNP),LIVE,"QA issues, but OK to publish",True,False,False,True,http://www.michaelrussellmsp.scot/,['http://i0.wp.com/www.michaelrussellmsp.scot']
12659,Alex Rowley | Labour Member of the Scottish Parliament for Cowdenbeath,LIVE,QA issues found,False,False,False,True,http://www.alexrowley.org/,"['http://www.alexrowley.org/sitemap.xml.gz', 'http://www.alexrowley.org/wp-content/uploads/']"
12627,Shona Robison,LIVE,QA issues found,True,False,False,True,https://www.shonarobison.org/,[]
34407,Liam McArthur,LIVE,No QA issues found (OK to publish),False,False,False,True,http://www.liammcarthur.org.uk,[]
55534,"Clark Memorial Church, Largs",LIVE,No QA issues found (OK to publish),False,False,False,True,http://www.clarkmemorial.org.uk/,[]
12651,Lewis Macdonald MSP,LIVE,No QA issues found (OK to publish),False,False,False,True,http://www.lewismacdonald.co.uk/msp/,[]
13400,Bill Kidd MSP for Glasgow Anniesland,LIVE,No QA issues found (OK to publish),False,False,False,True,http://www.billkiddmsp.org/,[]
34310,Jamie Hepburn MSP « Working for Cumbernauld & Kilsyth,NO_LONGER_UPDATED,QA issues found,False,False,False,True,http://www.jamiehepburn.net,"['https://s0.wp.com/', 'https://s1.wp.com/i/', 'https://s2.wp.com/wp-content/']"
12648,Iain Gray MSP,LIVE,"QA issues, but OK to publish",False,False,False,True,http://www.iaingraymsp.co.uk/,[]
12668,Murdo Fraser MSP,LIVE,No QA issues found (OK to publish),False,False,False,True,http://www.murdofraser.com/,[]
12646,Mary Fee MSP,LIVE,QA issues found,False,False,False,True,http://maryfeemsp.com/,['https://maryfeemsp.com/sitemap.xml']
12645,Kezia Dugdale MSP,LIVE,"QA issues, but OK to publish",True,False,False,True,http://www.keziadugdale.com/,[]
21339,Finlay Carson for MSP - Finlay Carson for MSP for Galloway and West Dumfries,LIVE,No QA issues found (OK to publish),False,False,False,True,http://www.finlaycarson.co.uk/,[]
12643,Neil Bibby MSP | West of Scotland | Paisley,LIVE,"QA issues, but OK to publish",False,False,False,True,http://www.neilbibby.com/,[]
15888,Get Britain Out,LIVE,No QA issues found (OK to publish),False,False,False,True,http://getbritainout.org/,"['http://getbritainout.org/about/', 'http://getbritainout.org/blog/', 'https://getbritainout.org/e-newsletter/', 'https://getbritainout.org/blog/media-coverage/', 'https://getbritainout.org/latest-eu-news-7/']"
13690,"Pete Wishart MP, Scottish National Party Member of Parliament, Perth",LIVE,"QA issues, but OK to publish",True,False,False,True,http://www.petewishartmp.com,['http://www.petewishartmp.com/sitemap.xml.gz']
1988,Welsh Government - Llywodraeth Cymru,LIVE,QA issues found,False,False,False,True,http://www.gov.wales/,"['https://llyw.cymru/', 'http://gov.wales/', 'https://gov.wales/', 'http://gov.wales/splash?orig=/&force=en', 'http://gov.wales/?skip=1&lang=en', 'https://gov.wales/?skip=1&lang=cy', 'http://gov.wales/splash?orig=/&force=cy']"
22302,Patrick Grady - SNP MP for Glasgow North,LIVE,No QA issues found (OK to publish),False,False,False,True,http://www.patrickgrady.scot/,[]
13873,Ian Murray MP,LIVE,QA issues found,False,False,False,True,http://www.ianmurraymp.co.uk,['http://www.ianmurraymp.co.uk/sitemap.xml']
2952,Stonewall,LIVE,No QA issues found (OK to publish),False,False,False,True,http://www.stonewall.org.uk/,[]
13883,Jo Swinson East Dunbartonshire Liberal Democrats,LIVE,QA issues found,False,False,False,True,http://www.joswinson.org.uk/,"['http://www.joswinson.org.uk/sitemap_index.xml', 'http://ldeastdunbartonshire.nationbuilder.com/']"
12672,John Lamont,LIVE,QA issues found,True,False,False,True,http://www.johnlamont.org/,['https://www.johnlamont.org/sitemap.xml']
16840,Scotland's Aquaculture,LIVE,No QA issues found (OK to publish),False,False,False,True,http://aquaculture.scotland.gov.uk/,[]
16864,Marine Scotland Data Publications,LIVE,"QA issues, but OK to publish",False,False,False,True,http://marinedata.scotland.gov.uk/,[]
6589,Basildon District Council,LIVE,No QA issues found (OK to publish),False,False,False,True,http://www.basildon.gov.uk/,['http://www.basildonmeetings.info/']
6558,Mid Sussex District Council,LIVE,No QA issues found (OK to publish),False,False,False,True,http://www.midsussex.gov.uk/,['http://mid-sussex.cmis.uk.com/']
6611,North Hertfordshire District Council,LIVE,No QA issues found (OK to publish),False,False,False,True,http://www.north-herts.gov.uk/,['http://web.north-herts.gov.uk/']
5753,Slugger O'Toole,,QA issues found,False,False,False,True,http://www.sluggerotoole.com/,['http://sluggerotoole.com/']
2296,Open Data Institute (ODI),LIVE,QA issues found,True,False,False,True,http://www.theodi.org/,[]
954,Nuffield Trust,LIVE,QA issues found,False,False,False,True,http://www.nuffieldtrust.org.uk/,[]
15700,"Education Foundation, The",LIVE,No QA issues found (OK to publish),False,False,False,True,http://www.ednfoundation.org/,[]
3836,News Now,LIVE,No QA issues found (OK to publish),False,False,False,True,http://www.newsnow.co.uk/,[]
11,Runnymede Trust,LIVE,QA issues found,False,False,False,True,http://www.runnymedetrust.org/,[]
28171,Emily Shuckburgh (@emilyshuckburgh) on Twitter,LIVE,No QA issues found (OK to publish),False,False,False,True,https://twitter.com/emilyshuckburgh/,[]
28166,Ben Pile (@clim8resistance) on Twitter,LIVE,No QA issues found (OK to publish),False,False,False,True,https://twitter.com/clim8resistance/,[]
29908,Attila the Stockbroker (@atilatstokbroka) on Twitter,LIVE,No QA issues found (OK to publish),False,False,False,True,https://twitter.com/@atilatstokbroka/,[]
951,"King's Fund, The",LIVE,QA issues found,False,False,False,True,http://www.kingsfund.org.uk/,[]
3182,Parliamentary Publications,LIVE,QA issues found,False,False,False,True,http://services.parliament.uk/bills/,['http://www.publications.parliament.uk/']
793,Parliament,LIVE,QA issues found,False,False,False,True,http://www.parliament.uk/,[]
56263,Cartooning the First World War,LIVE,"QA issues, but OK to publish",False,False,False,True,http://www.cartoonww1.org/,[]
31519,Brighton Digital Festival,LIVE,No QA issues found (OK to publish),False,False,False,True,http://brightondigitalfestival.co.uk/,[]
31030,Posters of Hope: an eye towards self-determination,DEAD,"QA issues, but OK to publish",False,False,False,True,http://postersofhope.com/,[]
45788,Display At Your Own Risk (DAYOR),LIVE,QA issues found,False,False,False,True,http://displayatyourownrisk.org/,['http://displayatyourownrisk.org/sitemap.xml']
20996,Green Party in Northern Ireland,LIVE,No QA issues found (OK to publish),False,False,False,True,http://www.greenpartyni.org/,[]
23043,Gordon Henderson (Conservative Politician),LIVE,Recrawl Requested,True,False,False,True,http://www.gordonhendersonmp.org.uk/,[]
27348,"Global Warming Policy Forum, The",LIVE,No QA issues found (OK to publish),False,False,False,True,http://www.thegwpf.com/,[]
9499,English Democrats,LIVE,QA issues found,True,False,False,True,http://www.englishdemocrats.org.uk/,[]
24834,Diane Abbott (Labour Politician),LIVE,No QA issues found (OK to publish),False,False,False,True,http://www.dianeabbott.org.uk/,[]
23532,Derek Thomas (Conservative Politician),LIVE,No QA issues found (OK to publish),False,False,False,True,http://derekthomas.org/,[]
53921,David Lammy (Labour Party Politician),LIVE,Recrawl Requested,True,False,False,True,http://www.davidlammy.co.uk/,[]
3191,University of Glasgow,LIVE,"QA issues, but OK to publish",False,False,False,True,https://www.gla.ac.uk/,[]
20689,UNISON Scotland,LIVE,QA issues found,True,False,True,True,http://www.unison-scotland.org.uk/,['http://www.unison-scotland.org/sitemap_index.xml']
53342,Scotland's Independence Referendum Party,LIVE,No QA issues found (OK to publish),False,False,False,True,http://www.scotlandsindependencereferendumparty.scot/,[]
24657,Daniel Zeichner (Labour Party Politician),LIVE,"QA issues, but OK to publish",True,False,False,True,http://www.danielzeichner.co.uk/,[]
4266,Scottish Socialist Party,LIVE,QA issues found,False,False,False,True,http://www.scottishsocialistparty.org/,['https://scottishsocialistparty.org/sitemap_index.xml']
53910,Chris Matheson (Labour Politician),LIVE,No QA issues found (OK to publish),False,False,False,True,http://www.chrismatheson.co.uk/,[]
23620,Chloe Smith (Conservative Politician),LIVE,No QA issues found (OK to publish),False,False,True,True,http://chloesmith.org.uk/,[]
2654,Chi Onwurah (Labour Party Politician),LIVE,Recrawl Requested,False,False,False,True,http://chionwurahmp.com/,[]
12732,Jo Pavey,LIVE,QA issues found,True,False,True,True,http://joannepavey.com/,['http://jopavey.wordpress.com']
24823,Caroline Lucas (Green Party Politician),LIVE,No QA issues found (OK to publish),False,False,False,True,http://www.carolinelucas.com/,[]
28932,Birmingham Green Party,LIVE,No QA issues found (OK to publish),False,False,False,True,http://birmingham.greenparty.org.uk/,[]
10701,Bill Etheridge (UK Independence Party Politician),LIVE,No QA issues found (OK to publish),False,False,False,True,http://www.billetheridge.co.uk/,[]
52989,Berwick Green Party,NO_LONGER_UPDATED,No QA issues found (OK to publish),False,False,False,True,https://berwick.greenparty.org.uk/,[]
22209,Anne-Marie Trevelyan (Conservative Politician),LIVE,"QA issues, but OK to publish",True,False,False,True,http://www.teamtrevelyan.co.uk/,[]
20993,Alliance Party of Northern Ireland,LIVE,No QA issues found (OK to publish),False,False,False,True,http://allianceparty.org/,['https://allianceparty.org/']
23027,Adam Holloway (Conservative candidate for Gravesham),LIVE,No QA issues found (OK to publish),False,False,False,True,http://www.adamholloway.co.uk/,[]
27113,Sunningdale Village Venues,LIVE,No QA issues found (OK to publish),False,False,False,True,http://www.sunningdalevillagevenues.co.uk/,[]
3169,Society for Co-operation in Russian and Soviet Studies (SCRSS),LIVE,No QA issues found (OK to publish),False,False,False,True,http://www.scrss.org.uk/,[]
55862,Ruth Cadbury (Labour  Politician),LIVE,No QA issues found (OK to publish),False,False,False,True,http://www.ruthcadbury.org.uk/,[]
2996,"Comunn Gàidhealach, An - Royal National Mod",LIVE,No QA issues found (OK to publish),False,False,False,True,http://www.ancomunn.co.uk/,[]
3047,Edinburgh International Film Festival,LIVE,No QA issues found (OK to publish),True,False,True,True,http://www.edfilmfest.org.uk/,[]
21959,"Conversation, The",LIVE,No QA issues found (OK to publish),False,False,False,True,https://theconversation.com/,[]
3173,Sport Wales - Chwaraeon Cymru,LIVE,No QA issues found (OK to publish),False,False,False,True,http://www.sportwales.org.uk/,['http://sport.wales/']
18337,Chortle,LIVE,No QA issues found (OK to publish),True,False,False,True,http://www.chortle.co.uk/,[]
16344,Plaid Cymru,LIVE,QA issues found,True,False,False,True,http://www.partyof.wales/,"['http://www.plaid.cymru/', 'http://www.partyofwales.org/', 'http://www.english.plaidcymru.org/']"
13524,"Conversation, The: Glasgow's para-sport legacy must change behaviour as well as attitudes",LIVE,No QA issues found (OK to publish),False,False,False,True,https://theconversation.com/glasgows-para-sport-legacy-must-change-behaviour-as-well-as-attitudes-29861,[]
29542,Oxford Literary Festival,LIVE,No QA issues found (OK to publish),False,False,False,True,http://oxfordliteraryfestival.org/,[]
3185,UK Sport,LIVE,QA issues found,False,False,False,True,http://www.uksport.gov.uk/,[]
29749,Just The Tonic Edinburgh 2015 Blog,LIVE,QA issues found,False,False,False,True,https://justthetonicedinburgh.wordpress.com/,"['https://s0.wp.com/_static/??-eJx9kNFuwyAMRX9ojFZqt71M+5aEuOAUsIWNUP5+ZFPbTdnygi72OTLYNjaOskJWm6rhWD1msZIwwsKFZnD6+/bsRJ7s31rEK4idQXlwV/N12+BjJP8QyHuYqKq5UIzUbMPJw+4MzBfMqMs97MESqKijqb+qU1Yi9hiomXtjz3ZUoNcTD7oSCSYcIELq2J6W+OVmrTH0XWzX8INv3GkzjlxAxPQzYU1GQx+09b7LlutoBybRQhzAii5x9yseMhTsjX/i6n6k9+PpdDgeXt/O5/kTF0jMCQ==', 'https://fonts.googleapis.com/css?family=PT+Serif%3A400%2C400italic%2C700%2C700italic%7COpen+Sans%3A300%2C300italic%2C400%2C400italic%2C600%2C600italic%2C700%2C700italic%2C800%2C800italic&#038;subset=latin%2Clatin-ext%2Ccyrillic', 'https://s2.wp.com/_static/??-eJx9i90KwjAMRl/IGuZEdyM+S60xZLTJaDL2+lYG/oDs5uN8cA4sU0gqjuJQ5jDlmVgMFr4TukFjj1Rj+dA+me3gf4ZFR1531RhEnZtpb9jqCTVkTdFZ5eeER45ct9KKt6zUkKBZX/cVXculO/an89Afhm58AmU+WvE=', 'https://s0.wp.com/wp-content/mu-plugins/global-print/global-print.css?m=1387483371g', 'https://s0.wp.com/wp-content/themes/h4/global.css?m=1420737423g']"
3010,British Association of Sport and Exercise Sciences (BASES),,No QA issues found (OK to publish),False,False,False,True,http://www.bases.org.uk/,[]
3201,Welsh Rugby Union,LIVE,QA issues found,False,False,False,True,http://www.wru.co.uk/,['http://supporters.wru.co.uk/']
3056,Football Association of Wales,LIVE,QA issues found,False,False,False,True,http://www.faw.org.uk/,[]
29201,Amateur Football Combination (AFC),LIVE,No QA issues found (OK to publish),False,False,False,True,http://www.amateurfootballcombination.com/,[]
45322,"National Survey, The",LIVE,QA issues found,False,False,False,True,http://www.survey2016.scot/,"['http://www.survey2016.scot/sitemap.xml', 'http://d3n8a8pro7vhmx.cloudfront.net/themes/57c74ff66ad57516c1000001/attachments/original/1472772927/TNS-Survey_English.pdf?1472772927']"
3014,British Olympic Association,LIVE,No QA issues found (OK to publish),False,False,False,True,http://www.teamgb.com/,[]
30137,Hands Up for Trad on Facebook,LIVE,"QA issues, but OK to publish",False,False,False,True,https://www.facebook.com/handsupfortrad/,[]
19900,Young Communist League Scotland on Twitter,LIVE,No QA issues found (OK to publish),False,False,False,True,https://twitter.com/yclscotland/,[]
30237,"British Library, The: UK Web Archive Blog",LIVE,No QA issues found (OK to publish),False,False,False,True,http://britishlibrary.typepad.co.uk/webarchive/,[]
13476,Mike Weir (mikeweirsnp) on Twitter,LIVE,"QA issues, but OK to publish",False,False,False,True,https://twitter.com/mikeweirsnp/,[]
21024,Lindsay McCallum (@mcc_linds) on Twitter,LIVE,No QA issues found (OK to publish),False,False,False,True,https://twitter.com/mcc_linds/,[]
11931,Kezia Dugdale (kdugdalemsp) on Twitter,LIVE,No QA issues found (OK to publish),False,False,False,True,https://twitter.com/kdugdalemsp/,[]
11938,James Kelly MSP (JamesKLabMSP) on Twitter,LIVE,No QA issues found (OK to publish),False,False,False,True,https://twitter.com/JamesKLabMSP/,[]
20397,Charles Kennedy on Twitter,LIVE,No QA issues found (OK to publish),False,False,False,True,https://twitter.com/charles_kennedy/,[]
30154,Lorn Leisure and Libraries on Facebook,LIVE,"QA issues, but OK to publish",False,False,False,True,https://www.facebook.com/lornleisureandlibraries/,[]
31031,Largs Gaelic Choir on Facebook,LIVE,"Failed, Do Not Publish",False,False,False,True,https://www.facebook.com/pages/Largs-Gaelic-Choir/164859847036780/,['https://www.facebook.com/Largs-Gaelic-Choir-164859847036780/']
4050,Women for Independence,LIVE,"QA issues, but OK to publish",True,False,False,True,http://www.womenforindependence.org/,['http://wfitest.nationbuilder.com/']
36806,Radical Independence Campaign,LIVE,"QA issues, but OK to publish",False,False,False,True,http://radical.scot/,[]
22287,Michael Allan (@DrMikeAllan) on Twitter,LIVE,"Failed, Do Not Publish",False,False,False,True,https://twitter.com/drmikeallan/,[]
45771,5 Style,LIVE,No QA issues found (OK to publish),False,False,False,True,https://5style.com/,"['https://i0.wp.com/5style.com/', 'https://i1.wp.com/5style.com/', 'https://i2.wp.com/5style.com/']"
14519,Crofting Commission / Coimisean na Croitearachd,LIVE,QA issues found,True,False,False,True,http://www.crofting.scotland.gov.uk/,"['http://crofting.scotland.gov.uk/userfiles/', 'http://www.crofting.scotland.gov.uk/sitemap']"
26866,All Back To Bowie's on Twitter,NO_LONGER_UPDATED,"QA issues, but OK to publish",False,False,False,True,https://twitter.com/allbacktobowies/,[]
38668,Robina Barton : Scottish Labour Party Candidate for Shetland,LIVE,"QA issues, but OK to publish",False,False,False,True,http://www.shetlandlabour.org.uk/,[]
30972,Atomic Pìseag,LIVE,"QA issues, but OK to publish",False,False,False,True,http://piseag.co.uk/,[]
30998,Còisir Ghàidhlig Ìle | Gàidhlig Ileach,LIVE,QA issues found,False,False,False,True,http://coisirghaidhligile.co.uk/,[]
45662,Alec Finlay,LIVE,No QA issues found (OK to publish),False,False,False,True,http://alecfinlayblog.blogspot.co.uk,[]
54016,Helen Belcher (Liberal Democrat Politician),LIVE,No QA issues found (OK to publish),False,False,False,True,https://challengingjourneys.wordpress.com/,[]
12660,Dr Richard Simpson MSP,LIVE,QA issues found,False,False,False,True,http://richardsimpson.info/,[]
34958,Mike MacKenzie MSP,LIVE,No QA issues found (OK to publish),False,False,False,True,http://mikemackenzie.org/,[]
12654,Margaret McDougall MSP,DEAD,QA issues found,False,False,False,True,http://margaretmcdougallmsp.org/,[]
12637,Jackie Baillie MSP,LIVE,QA issues found,False,False,False,True,http://www.jackiebaillie.co.uk/,['http://labourclp294.nationbuilder.com/themes/1/52545dc31ad07a41c1000002/0/attachments/14494054631431458624/']
34692,John Pentland MSP | Motherwell & Wishaw,DEAD,"QA issues, but OK to publish",False,False,False,True,http://johnpentland.org/,[]
12696,John Finnie MSP,NO_LONGER_UPDATED,QA issues found,False,False,False,True,http://johnfinniemsp.org/,[]
34142,Joe FitzPatrick - SNP MSP for Dundee City West.,DEAD,"QA issues, but OK to publish",False,False,False,True,http://joe.fitzpatrick.scot/,[]
12702,Alison Johnstone MSP,DEAD,No QA issues found (OK to publish),False,False,False,True,http://alisonjohnstonemsp.com/,[]
34138,Anne McTaggart MSP,DEAD,"QA issues, but OK to publish",False,False,False,True,http://annemctaggartmsp.com/,[]
32841,Walk for Wallace,NO_LONGER_UPDATED,QA issues found,False,False,False,True,http://www.walkforwallace.com/,[]
2926,McGonagall Online,,QA issues found,False,False,False,True,http://www.mcgonagall-online.org.uk/,[]
30470,Voices for the Library,NO_LONGER_UPDATED,No QA issues found (OK to publish),False,False,False,True,http://www.voicesforthelibrary.org.uk/,[]
12606,John Finnie MSP (JohnFinnieMSP) on Twitter,LIVE,"QA issues, but OK to publish",False,False,False,True,https://twitter.com/JohnFinnieMSP/,[]
4229,Devo Plus,,"QA issues, but OK to publish",False,False,False,True,http://www.devoplus.com/,[]
11935,Iain Gray (IainGrayMSP) on Twitter,LIVE,"QA issues, but OK to publish",False,False,False,True,https://twitter.com/@IainGrayMSP/,[]
12584,Margaret McDougall (Margmsp) on Twitter,LIVE,No QA issues found (OK to publish),False,False,False,True,https://twitter.com/Margmsp/,[]
13689,Eilidh Whiteford,LIVE,"QA issues, but OK to publish",False,False,False,True,http://www.eilidhwhiteford.info/,[]
12767,On Common Ground,LIVE,"QA issues, but OK to publish",False,False,False,True,http://oncommonground2014.co.uk/,[]
36996,Citizen's Theatre,LIVE,"QA issues, but OK to publish",False,False,False,True,http://citz.co.uk/,[]
13722,"Dave Thompson MSP for Skye, Lochaber and Badenoch (SNP)",LIVE,QA issues found,True,False,False,True,http://www.davethompsonmsp.org/,[]
21771,Sandra Osborne,NO_LONGER_UPDATED,QA issues found,False,False,False,True,http://www.sandraosborne.co.uk/,[]
13682,"Gregg McClymont MP | MP for Cumbernauld, Kilsyth and Kirkintilloch East",LIVE,No QA issues found (OK to publish),False,False,False,True,http://www.greggmcclymont.com,[]
13853,Michael McCann,LIVE,QA issues found,True,False,False,True,http://www.michaelmccann.org.uk,[]
13680,Cathy Jamieson MP,LIVE,QA issues found,False,False,False,True,http://www.cathyjamieson.com,[]
12270,Yes Clydesdale,LIVE,"QA issues, but OK to publish",False,False,False,True,http://www.yesclydesdale.org/,[]
2541,Willie Bain MP,LIVE,"Failed, Pass to Engineer",True,False,True,True,http://www.williebain.com/,[]
13869,Jim Hood MP,LIVE,No QA issues found (OK to publish),False,False,False,True,http://www.jimhoodmp.org.uk/,[]
13872,Iain McKenzie,LIVE,No QA issues found (OK to publish),False,False,False,True,http://www.iainmckenziemp.co.uk/,[]
13676,Ian Davidson MP | Glasgow South West,LIVE,QA issues found,False,False,False,True,http://www.iandavidsonmp.com/,[]
58072,Margaret Mitchell MSP,LIVE,No QA issues found (OK to publish),False,False,False,True,http://www.margaretmitchellmsp.org/,[]
9534,Liberty GB,LIVE,No QA issues found (OK to publish),False,False,False,True,http://libertygb.org.uk/,[]
9994,Liberty GB (@Liberty_GB) on Twitter,LIVE,"QA issues, but OK to publish",True,False,False,True,https://twitter.com/Liberty_GB/,[]
30999,Islay Gaelic Choir | Isle of Islay,LIVE,No QA issues found (OK to publish),False,False,False,True,http://islaygaelicchoir.co.uk/,[]
13892,East Dunbartonshire Council,LIVE,QA issues found,False,False,False,True,http://www.eastdunbarton.gov.uk/,['https://www.eastdunbarton.gov.uk/sitemap.xml']
14121,Traditional Arts and Culture Scotland: Scotland's Democracy Trail,LIVE,No QA issues found (OK to publish),False,False,False,True,http://www.tracscotland.org/scottish-storytelling-centre/centre-events/1325/scotlands-democracy-trail,[]
14119,"Language Log: The grammar of ""Better Together""",LIVE,No QA issues found (OK to publish),False,False,False,True,http://languagelog.ldc.upenn.edu/nll/?p=14528,[]
21360,Peter McColl's Blog,LIVE,QA issues found,False,False,False,True,https://petermccoll.wordpress.com/,[]
26987,Dundee SNP,DEAD,"QA issues, but OK to publish",True,False,False,True,http://www.dundeesnp.org/,"['http://dundeesnp.scot/home/feed/', 'http://dundeesnp.scot/blog/']"
30156,Argyll and Bute Council on Facebook,LIVE,"QA issues, but OK to publish",False,False,False,True,https://www.facebook.com/argyllandbutecouncil/,[]
9809,Young Scot,LIVE,"QA issues, but OK to publish",False,False,False,True,http://young.scot/,[]
30183,Hands Up for Trad,LIVE,No QA issues found (OK to publish),False,False,False,True,http://projects.handsupfortrad.scot/handsupfortrad/,[]
30799,Literature Forum Scotland,LIVE,No QA issues found (OK to publish),False,False,False,True,http://www.literatureforumscotland.org.uk/,[]
15972,Scotland's Referendum,LIVE,No QA issues found (OK to publish),False,False,False,True,http://www.scotreferendum.com/,[]
21389,Highland and Islands Greens,LIVE,"QA issues, but OK to publish",True,False,False,True,http://higreens.org/,[]
2650,Nicky Morgan (Conservative  Politician),LIVE,"QA issues, but OK to publish",True,False,False,True,http://www.nickymorgan.org/,[]
14553,Water Industry Commission for Scotland (WICS),LIVE,No QA issues found (OK to publish),False,False,False,True,http://www.watercommission.co.uk/,['http://www.watercommission.co.uk/view_Site_Map.aspx']
3195,Visit Scotland,LIVE,QA issues found,False,False,False,True,http://www.visitscotland.com/,['https://www.visitscotland.com/sitemap.xml']
3093,National Galleries Scotland,LIVE,"QA issues, but OK to publish",False,False,False,True,https://www.nationalgalleries.org/,['https://www.nationalgalleries.org/sitemap.xml']
14517,Care Inspectorate,LIVE,No QA issues found (OK to publish),True,False,False,True,http://www.careinspectorate.com/,[]
18244,UKIP Wales,LIVE,No QA issues found (OK to publish),False,False,False,True,http://ukip.wales/,['http://www.ukipwales.org.uk/']
16347,Wales Green Party,LIVE,No QA issues found (OK to publish),False,False,False,True,http://www.walesgreenparty.org.uk/,['https://wales.greenparty.org.uk/']
30032,"Association for Scottish Literary Studies, The",LIVE,No QA issues found (OK to publish),False,False,False,True,http://asls.arts.gla.ac.uk/,[]
38802,Women's Equality Party,LIVE,No QA issues found (OK to publish),False,False,False,True,http://www.womensequality.org.uk/,"['http://www.womensequality.org.uk/sitemap_index.xml', 'https://d3n8a8pro7vhmx.cloudfront.net/womensequality/']"
36811,Socialist Party England and Wales,LIVE,"QA issues, but OK to publish",True,False,False,True,http://www.socialistparty.org.uk/,[]
36805,Socialist Party NI,LIVE,No QA issues found (OK to publish),False,False,False,True,http://socialistpartyni.net/,[]
20998,Traditional Unionist Voice,LIVE,No QA issues found (OK to publish),False,False,False,True,http://tuv.org.uk/,[]
23573,Sarah Newton (Conservative Politician),LIVE,"QA issues, but OK to publish",True,False,False,True,http://www.sarahnewton.org.uk/,[]
24719,Tulip Siddiq (Labour Party Politician),LIVE,No QA issues found (OK to publish),False,False,False,True,http://www.tulipsiddiq.com/,[]
53196,Victoria Percival (Green Party candidate for East Lincolnshire),LIVE,No QA issues found (OK to publish),False,False,False,True,http://eastlincsgreenparty.org.uk/candidates.html,[]
30185,Cruinn - Traditional & Contemporary Gaelic Song,LIVE,"QA issues, but OK to publish",False,False,False,True,http://www.cruinn.net/,[]
30176,Clì Gàidhlig,LIVE,No QA issues found (OK to publish),False,False,False,True,http://www.cli.org.uk/,[]
30120,Clì Gàidhlig on Facebook,LIVE,"QA issues, but OK to publish",False,False,False,True,https://www.facebook.com/cligaidhlig/,[]
16194,#100daystogo on Twitter,LIVE,No QA issues found (OK to publish),False,False,False,True,https://twitter.com/hashtag/100daystogo?src=hash,[]
23388,Thangam Debbonaire (Labour Politician),LIVE,No QA issues found (OK to publish),False,False,False,True,http://www.debbonaire.co.uk/,[]
13558,"Liberal Party, The",LIVE,No QA issues found (OK to publish),False,False,False,True,http://www.liberal.org.uk/,[]
53635,Trudy Harrison (Conservative Politician),LIVE,No QA issues found (OK to publish),True,False,False,True,http://www.trudyharrison.co.uk/,[]
24764,Tom Brake (Liberal Democrat Politician),LIVE,No QA issues found (OK to publish),False,False,False,True,http://www.tombrake.co.uk/,[]
22076,Tim Farron (Liberal Democrats Politician),LIVE,No QA issues found (OK to publish),False,False,False,True,http://timfarron.co.uk/,[]
5296,Theresa May (Conservative Politician),LIVE,No QA issues found (OK to publish),False,False,False,True,http://www.tmay.co.uk/,[]
23128,Thomas Tugendhat (Conservative Politician),LIVE,"QA issues, but OK to publish",False,False,False,True,http://www.tomtugendhat.org.uk/,[]
23538,Steve Double (Conservative Politician),LIVE,No QA issues found (OK to publish),True,False,False,True,http://www.stevedouble.org.uk/,[]
24704,Stephen Barclay (Conservative Politician),LIVE,Recrawl Requested,False,False,False,True,http://stevebarclay.net/,[]
2587,Simon Kirby (Conservative Politician),VANISHED,"QA issues, but OK to publish",True,False,False,True,http://www.simonkirby.org/,[]
53984,Sarah Jones (Labour  Politician),LIVE,No QA issues found (OK to publish),False,False,False,True,http://www.sarah-jones.org/,[]
52526,Ryan Bate (Liberal Democrats Politician),NO_LONGER_UPDATED,"QA issues, but OK to publish",True,False,False,True,https://ryanbate.org/,[]
22036,Rory Stewart (Conservative  Politician),LIVE,No QA issues found (OK to publish),False,False,False,True,http://www.rorystewart.co.uk/,[]
23066,Roger Gale (Conservative Politician),LIVE,Recrawl Requested,True,False,True,True,http://www.rogergale.co.uk/,[]
53734,RogansBlog.co.uk (UKIP Politician),LIVE,"QA issues, but OK to publish",True,False,False,True,http://www.rogansblog.co.uk/,['http://www.paulrogan.info/']
54260,Paul Farrelly (Labour Politician),LIVE,No QA issues found (OK to publish),False,False,False,True,http://paulfarrelly.com/,[]
13090,Richard Burden (Labour Politician),LIVE,No QA issues found (OK to publish),False,False,False,True,http://richardburden.com/,[]
54261,Owen Meredith (Conservative  Politician),NO_LONGER_UPDATED,"QA issues, but OK to publish",False,False,False,True,http://www.owenmeredith.co.uk/,[]
22155,Nick Brown (Labour Politician),LIVE,No QA issues found (OK to publish),False,False,False,True,http://www.nickbrownmp.com/,[]
22922,Michael Fallon (Conservative Politician),LIVE,No QA issues found (OK to publish),False,False,False,True,http://www.michaelfallon.org.uk/,[]
24772,Matthew Maxwell Scott (Conservative Politician),LIVE,"QA issues, but OK to publish",True,False,False,True,http://www.maxwellscott.com/,[]
22019,Liam Byrne (Labour  Politician),LIVE,No QA issues found (OK to publish),False,False,False,True,http://liambyrne.co.uk/,[]
22928,Kelly Tolhurst (Conservative  Politician),LIVE,"QA issues, but OK to publish",False,False,False,True,http://www.kelly4rochesterandstrood.com/,[]
24695,Jonathan Djanogly (Conservative  Politician),LIVE,No QA issues found (OK to publish),False,False,False,True,http://www.jonathandjanogly.com/,[]
44212,John McDonnell (Labour  Politician),LIVE,No QA issues found (OK to publish),False,False,False,True,http://www.john-mcdonnell.net/,[]
53619,Jamie Whitham (Green Party  Politician),NO_LONGER_UPDATED,No QA issues found (OK to publish),False,False,False,True,http://jamie4readingwest.uk/,[]
52435,James Wright (Liberal Democrats  Politician),LIVE,"QA issues, but OK to publish",True,False,False,True,https://jameswrightld.org.uk/en/,[]
53306,Geoff Garbett (Green Party  Politician),NO_LONGER_UPDATED,No QA issues found (OK to publish),False,False,False,True,https://southwest.greenparty.org.uk/news/2017/05/12/green-party-selects-geoff-garbett-for-camborne-and-redruth/,[]
52512,Elaine Bagshaw (Liberal Democrats Politician),LIVE,No QA issues found (OK to publish),False,False,False,True,http://www.elainebagshaw.co.uk/,[]
53599,Ed Targett (Green Party Politician),LIVE,No QA issues found (OK to publish),False,False,False,True,https://greentargett.com/,[]
21138,Catherine West (@CatherineWest1) on Twitter (Labour  Politician),LIVE,No QA issues found (OK to publish),False,False,False,True,http://catherinewest-labourclp97.nationbuilder.com/,['http://www.catherinewest.org.uk/']
2040,Gavin Shuker MP,LIVE,"Failed, Do Not Publish",True,False,False,True,http://gavinshuker.org/,[]
3091,National Assembly for Wales,LIVE,No QA issues found (OK to publish),False,False,False,True,http://www.assembly.wales/,"['http://www.assemblywales.org/', 'http://www.senedd.assembly.wales/', 'http://www.cynulliad.cymru']"
32011,"Scottish Register of Tartans, The",LIVE,"QA issues, but OK to publish",False,False,False,True,https://www.tartanregister.gov.uk/,[]
31842,Children and Young People's Commissioner Scotland,LIVE,No QA issues found (OK to publish),False,False,False,True,https://www.cypcs.org.uk/,['https://www.cypcs.org.uk/sitemap']
31773,Healthier Scotland,VANISHED,"QA issues, but OK to publish",True,False,False,True,https://healthier.scot/,[]
31169,Creating a Fairer Scotland,LIVE,"QA issues, but OK to publish",False,False,False,True,http://fairer.scot/,[]
29557,YouthLink Scotland,LIVE,QA issues found,False,False,True,True,https://www.youthlinkscotland.org/,['https://www.youthlinkscotland.org/xml-sitemap/']
16748,Scottish Families Information Services,LIVE,"QA issues, but OK to publish",False,False,False,True,https://www.scottishfamilies.gov.uk/,[]
16030,Golden Jubilee National Hospital,LIVE,QA issues found,True,False,False,True,http://www.nhsgoldenjubilee.co.uk/,['http://www.nhsgoldenjubilee.co.uk/accessibility/site-map/']
15989,NHS Western Isles,LIVE,QA issues found,True,False,False,True,http://www.wihb.scot.nhs.uk/,['http://www.wihb.scot.nhs.uk/sitemap/']
15988,NHS Shetland,LIVE,"QA issues, but OK to publish",False,False,False,True,http://www.shb.scot.nhs.uk/,[]
7390,NHS Tayside,,"QA issues, but OK to publish",True,False,True,True,http://www.nhstayside.scot.nhs.uk/index.htm,"['http://www.nhstayside.scot.nhs.uk/SiteMap/index.htm', 'http://www.nhstayside.scot.nhs.uk/Publications/']"
15984,NHS Highland,LIVE,"QA issues, but OK to publish",True,False,False,True,http://www.nhshighland.scot.nhs.uk/Pages/welcome.aspx,[]
15980,NHS Fife,LIVE,"QA issues, but OK to publish",True,False,False,True,https://www.nhsfife.org/nhs/index.cfm,"['https://www.nhsfife.org/nhs/index.cfm?fuseaction=nhs.sitemap', 'https://spark.adobe.com/page/uMjQcWlhCLgBM/']"
53301,Who Can I Vote For?: UK Political Parties,LIVE,No QA issues found (OK to publish),False,False,False,True,https://whocanivotefor.co.uk/parties/,[]
15950,"Drinking Water Quality Regulator for Scotland, The (DWQR)",LIVE,QA issues found,False,False,False,True,http://www.dwqr.org.uk/,[]
15948,Audit Scotland,LIVE,"QA issues, but OK to publish",False,False,False,True,http://www.audit-scotland.gov.uk/,['http://www.audit-scotland.gov.uk/sitemap.xml']
9611,Scottish Public Services Ombudsman (SPSO),,"QA issues, but OK to publish",False,False,False,True,https://www.spso.org.uk/,['https://www.spso.org.uk/sitemap']
9610,Valuing Complaints,,"QA issues, but OK to publish",False,False,False,True,http://www.valuingcomplaints.org.uk/,[]
15946,Scottish Information Commissioner - Your guide to the Freedom of Information (Scotland) Act,LIVE,"QA issues, but OK to publish",True,False,False,True,http://www.itspublicknowledge.info/home/ScottishInformationCommissioner.aspx,['http://www.itspublicknowledge.info/sitemap.xml']
15944,Scotland’s Commissioner for Children and Young People,LIVE,"QA issues, but OK to publish",True,False,False,True,http://www.sccyp.org.uk/,[]
15943,Commissioner for Ethical Standards in Public Life in Scotland,LIVE,No QA issues found (OK to publish),False,False,False,True,http://www.ethicalstandards.org.uk/,[]
16725,Scottish Housing Regulator,LIVE,QA issues found,True,False,False,True,https://www.scottishhousingregulator.gov.uk/,['https://www.scottishhousingregulator.gov.uk/sitemap.xml']
3146,Scottish Courts,LIVE,No QA issues found (OK to publish),False,False,False,True,http://www.scotcourts.gov.uk/,['http://www.scotcourts.gov.uk/sitemap']
53544,Liverpool Green Party General Election 2017 candidates,NO_LONGER_UPDATED,No QA issues found (OK to publish),False,False,False,True,https://liverpool.greenparty.org.uk/ge-2017.html/,[]
15895,Scottish Public Pensions Agency (SPPA),LIVE,"QA issues, but OK to publish",True,False,False,True,http://www.sppa.gov.uk/,['http://www.sppa.gov.uk/index.php?option=com_xmap&sitemap=1&Itemid=703']
3161,Scottish Prison Service,LIVE,"QA issues, but OK to publish",True,False,False,True,http://www.sps.gov.uk/,['http://www.sps.gov.uk/sitemap.aspx']
56574,Historic Environment Scotland Portal,LIVE,"QA issues, but OK to publish",False,False,False,True,http://portal.historicenvironment.scot/,['https://inspire.hes.scot/']
3067,Historic Scotland,DEAD,No QA issues found (OK to publish),True,False,False,True,http://www.historic-scotland.gov.uk/,[]
3050,Education Scotland,LIVE,QA issues found,True,False,False,True,http://www.educationscotland.gov.uk/,[]
14591,"Lands Tribunal for Scotland, The",LIVE,"QA issues, but OK to publish",False,False,False,True,http://www.lands-tribunal-scotland.org.uk/,['http://www.lands-tribunal-scotland.org.uk/sitemap.xml']
14589,"Scottish Law Commission, The",LIVE,"QA issues, but OK to publish",False,False,False,True,http://www.scotlawcom.gov.uk/,['https://www.scotlawcom.gov.uk/sitemap.xml']
14588,"Local Government Boundary Commission for Scotland, The",LIVE,"QA issues, but OK to publish",True,False,False,True,http://www.lgbc-scotland.gov.uk/,"['http://www.lgbc-scotland.gov.uk/sitemap.asp', 'https://bcs-lgbcs.maps.arcgis.com/apps/PublicInformation/index.html?appid=06bdcd2bb3924378ba0fd1914320c0aa']"
14587,"Judicial Appointments Board for Scotland, The",LIVE,No QA issues found (OK to publish),False,False,False,True,http://www.judicialappointmentsscotland.org.uk,[]
14551,Scottish Social Services Council (SSSC),LIVE,QA issues found,True,False,True,True,http://www.sssc.uk.com,['http://www.sssc.uk.com/site-map']
14550,Scottish Qualifications Authority (SQA),,QA issues found,False,False,True,True,http://www.sqa.org.uk/,['http://www.sqa.org.uk/sitemap.xml.gz']
14546,Scottish Legal Complaints Commission (SLCC),LIVE,No QA issues found (OK to publish),False,False,False,True,https://www.scottishlegalcomplaints.org.uk/,['https://www.scottishlegalcomplaints.org.uk/sitemap.aspx']
3151,Scottish Funding Council,LIVE,No QA issues found (OK to publish),True,False,False,True,http://www.sfc.ac.uk/,['http://www.sfc.ac.uk/sitemap.aspx']
3165,Scottish Environment Protection Agency (SEPA),LIVE,QA issues found,False,False,True,True,https://www.sepa.org.uk/,['https://www.sepa.org.uk/help/site-map/']
14543,Scottish Children's Reporter Administration (SCRA),LIVE,"QA issues, but OK to publish",True,False,False,True,http://www.scra.gov.uk/,['http://www.scra.gov.uk/home/index.cfm']
14542,Royal Botanic Garden Edinburgh,LIVE,QA issues found,True,False,False,True,http://www.rbge.org.uk,['http://www.rbge.org.uk/sitemap']
14540,Quality Meat Scotland (QMS),LIVE,QA issues found,True,False,False,True,http://www.qmscotland.co.uk/,['http://www.qmscotland.co.uk/sitemap.xml']
23446,Alok Sharma (Conservative candidate for Reading West),LIVE,QA issues found,True,False,True,True,http://www.aloksharma.co.uk/,[]
14538,Loch Lomond and The Trossachs National Park,LIVE,"QA issues, but OK to publish",True,False,False,True,http://www.lochlomond-trossachs.org,['http://www.lochlomond-trossachs.org/sitemap.xml']
56294,New Care Standards,LIVE,"QA issues, but OK to publish",False,False,False,True,http://www.newcarestandards.scot/,[]
14508,Cairngorms National Park Authority,LIVE,No QA issues found (OK to publish),False,False,False,True,http://cairngorms.co.uk/,['http://cairngorms.co.uk/sitemap.xml']
56288,Bòrd na Gàidhlig,LIVE,"QA issues, but OK to publish",False,False,False,True,http://www.gaidhlig.scot/,[]
13007,Architecture and Design Scotland,LIVE,"QA issues, but OK to publish",True,False,False,True,http://www.ads.org.uk/,['http://www.ads.org.uk/sitemap.xml']
29452, Ledbury Poetry Festival,LIVE,No QA issues found (OK to publish),False,False,False,True,http://www.poetry-festival.co.uk/,[]
29501,Morley Literature Festival,LIVE,No QA issues found (OK to publish),False,False,False,True,http://www.morleyliteraturefestival.co.uk/,[]
29364,Huddersfield Literature Festival,LIVE,QA issues found,False,False,False,True,http://www.litfest.org.uk/,[]
56267,Cartooning the Post-War World ,LIVE,"QA issues, but OK to publish",False,False,False,True,http://www.postwarworldcartoons.org/,[]
56258,Cartooning the Road to War,LIVE,"QA issues, but OK to publish",False,False,True,True,http://www.roadtowarcartoons.org/,[]
28912,Birmingham Literature Festival ,LIVE,No QA issues found (OK to publish),False,False,False,True,http://www.birminghamliteraturefestival.org/,[]
29666,South Asian Literature Festival,LIVE,No QA issues found (OK to publish),False,False,False,True,http://southasianlitfest.com/,[]
29635, Rochester Literature Festival,LIVE,QA issues found,False,False,False,True,http://rochesterlitfest.com/,[]
29534,NiddFest Literary Festival - Celebrating Nature In Writing,LIVE,No QA issues found (OK to publish),False,False,False,True,http://www.niddfest.com/,[]
29348,Havant Literary Festival ,LIVE,No QA issues found (OK to publish),False,False,False,True,http://www.havantlitfest.org.uk/,[]
14254,International Internet Preservation Consortium ,LIVE,No QA issues found (OK to publish),False,False,False,True,http://gator1355.hostgator.com/~iipc/,"['http://netpreserve.org/', 'https://netpreserveblog.wordpress.com/', 'http://dev-iipc.pantheonsite.io/']"
1897,Royal Borough of Kensington and Chelsea (RBKC),LIVE,QA issues found,False,False,False,True,http://www.rbkc.gov.uk/,['https://www.rbkc.gov.uk/committees/']
3060,GMB - Britain's General Union,LIVE,No QA issues found (OK to publish),False,False,False,True,http://www.gmb.org.uk/,[]
23367,All Back to Bowie's,LIVE,"QA issues, but OK to publish",False,False,False,True,http://www.allbacktobowies.com,[]
21367,"Ian Murray, Labour Candidate for Edinburgh South",LIVE,"QA issues, but OK to publish",True,False,False,True,http://www.murray4south.co.uk/,['http://www.murray4south.co.uk/sitemap_index.xml']
20691,UNISON Scotland (@unisonscot) on Twitter,LIVE,"QA issues, but OK to publish",True,False,False,True,https://twitter.com/unisonscot/,[]
13203,ScotCen (ScotCen) on Twitter,LIVE,"QA issues, but OK to publish",False,False,False,True,https://twitter.com/ScotCen/,[]
4272,What Scotland Thinks,LIVE,QA issues found,True,False,True,True,http://whatscotlandthinks.org/,['http://whatscotlandthinks.org/sitemap']
3080,Local Government Association (LGA),LIVE,QA issues found,False,False,False,True,http://www.local.gov.uk/,[]
3831,Liberal Democrat Voice,LIVE,No QA issues found (OK to publish),False,False,False,True,http://www.libdemvoice.org/,[]
3113,Office of Rail and Road (formerly Office of Rail Regulation),LIVE,QA issues found,False,False,False,True,http://www.rail-reg.gov.uk/,['http://orr.gov.uk/']
9314,Ofsted,,QA issues found,False,False,False,True,http://www.ofsted.gov.uk/,[]
3077,Legislation.gov.uk,LIVE,QA issues found,False,False,False,True,http://www.legislation.gov.uk/,[]
3064,Health and Safety Executive,LIVE,QA issues found,False,False,False,True,http://www.hse.gov.uk/,[]
4495,"Charity Commission, The",,No QA issues found (OK to publish),False,False,False,True,http://www.charitycommission.gov.uk/,[]
9241,GOV.UK,LIVE,No QA issues found (OK to publish),False,False,False,True,https://www.gov.uk/,[]
2887,data.gov.uk,LIVE,No QA issues found (OK to publish),False,False,False,True,http://data.gov.uk/,[]
3188,Unite the Union,LIVE,No QA issues found (OK to publish),False,False,False,True,http://www.unitetheunion.org/,[]
12808,"River, The",LIVE,No QA issues found (OK to publish),False,False,False,True,http://barrowlandballet.co.uk/production/theriver/,[]
30110,Glasgay!,LIVE,QA issues found,False,False,False,True,http://glasgay.com/,[]
12851,World Fringe Congress,LIVE,QA issues found,False,False,False,True,http://www.worldfringe.com/congress/,[]
16874,"Law Society, The",LIVE,No QA issues found (OK to publish),False,False,False,True,http://www.lawsociety.org.uk/,[]
10030,Scottish Liberal Democrats on Twitter,LIVE,No QA issues found (OK to publish),False,False,False,True,https://twitter.com/scotlibdems/,[]
20952,Charles Kennedy on Facebook,NO_LONGER_UPDATED,"QA issues, but OK to publish",False,False,False,True,https://www.facebook.com/Charles.Kennedy.HLD/,[]
13870,Charles Kennedy - Rt Hon Charles Kennedy MP,VANISHED,"QA issues, but OK to publish",False,False,False,True,http://www.charleskennedy.org.uk/,[]
36215,Joanne McFadden,LIVE,QA issues found,False,False,False,True,http://www.joannemcfadden.org.uk/,[]
29133,"Chartered Institute of Library and Information Professionals in Scotland, The (CILIPS)",LIVE,"QA issues, but OK to publish",True,False,False,True,http://www.cilips.org.uk/,['http://static1.1.sqspcdn.com']
19899,Liberal Youth Scotland on Twitter,LIVE,No QA issues found (OK to publish),False,False,False,True,https://twitter.com/lyscotland/,[]
28172,Community Land Scotland,LIVE,QA issues found,False,False,False,True,http://www.communitylandscotland.org.uk/,[]
12692,Alison McInnes,LIVE,QA issues found,False,False,False,True,http://alisonmcinnes.co.uk/en/,['http://s.alisonmcinnes.co.uk/']
19851,Colin Mackie's website,LIVE,Recrawl Requested,True,False,False,True,http://www.gulabin.com/,"['http://composers.gulabin.com/', 'http://www.gulabin.com/ussenators/']"
28689,First 100 Years,LIVE,No QA issues found (OK to publish),False,False,False,True,http://www.first100years.org.uk/,[]
30621,Scotland Welcomes Refugees,NO_LONGER_UPDATED,No QA issues found (OK to publish),False,False,False,True,http://www.scotlandwelcomesrefugees.scot/,[]
12701,Subterranean Sepoys - A Radio Play about Life in the Trenches for the Indian Army on the Western Front,,No QA issues found (OK to publish),False,False,False,True,http://trenchindians.com/,[]
45542,Wealthy Nation Institute,LIVE,QA issues found,False,False,False,True,http://www.wealthynationinstitute.com/,['http://www.wealthynationinstitute.com/sitemap.xml']
3410,Chilbolton and Wherwell Community website,,No QA issues found (OK to publish),False,False,False,True,http://www.chilboltonandwherwell.info/,[]
30022,Tibet Foundation,LIVE,No QA issues found (OK to publish),False,False,False,True,http://www.tibet-foundation.org/,[]
2599,"Trussell Trust, The",LIVE,No QA issues found (OK to publish),False,False,False,True,http://www.trusselltrust.org/,[]
3194,Victoria and Albert Museum,LIVE,QA issues found,False,False,False,True,http://www.vam.ac.uk/,[]
14594,"Private Rented Housing Panel, The (PRHP)",LIVE,QA issues found,False,False,False,True,http://www.prhpscotland.gov.uk/prhp/1.html,[]
16755,Engage for Education,LIVE,QA issues found,False,False,False,True,http://engageforeducation.org/,[]
28142,Richard Betts (@richardabetts) on Twitter,LIVE,No QA issues found (OK to publish),False,False,False,True,https://twitter.com/richardabetts/,[]
3086,Mentrau Iaith Cymru,LIVE,No QA issues found (OK to publish),False,False,False,True,http://www.mentrauiaith.cymru/,"['http://www.mentrauiaith.org/', 'http://www.mentrau-iaith.com/']"
21755,Vote Jim Sheridan: Vote Labour,LIVE,QA issues found,False,False,False,True,http://www.votejimsheridan.com/,[]
805,National Institute for Health and Care Excellence (NICE),LIVE,QA issues found,False,False,False,True,http://www.nice.org.uk/,['https://pathways.nice.org.uk/']
33807,Community Development Foundation,LIVE,No QA issues found (OK to publish),False,False,False,True,http://www.cdf.org.uk/,[]
2953,Transport for London (TfL),,QA issues found,True,False,False,True,http://www.tfl.gov.uk/,[]
3057,Forward Arts Foundation,LIVE,No QA issues found (OK to publish),False,False,False,True,http://www.forwardartsfoundation.org/,[]
6470,Hart District Council,LIVE,No QA issues found (OK to publish),False,False,False,True,http://www.hart.gov.uk/,[]
6468,Eastleigh Borough Council,LIVE,No QA issues found (OK to publish),False,False,False,True,http://www.eastleigh.gov.uk/,['http://meetings.eastleigh.gov.uk/']
9467,Thomas John Bacon,LIVE,QA issues found,False,False,False,True,http://thomasjohnbacon.com/,"['http://thomasjohnbacon.com/sitemap.xml', 'http://thomasjohnbacon.com/events', 'http://thomasjohnbacon.com/artwork']"
29779,Digital Preservation Coalition (DPC) ,LIVE,No QA issues found (OK to publish),False,False,False,True,http://www.dpconline.org/,[]
3022,Care Quality Commission,LIVE,QA issues found,False,False,False,True,http://www.cqc.org.uk/,['https://www.cqc.org.uk/']
6579,Chichester District Council,LIVE,No QA issues found (OK to publish),False,False,False,True,http://www.chichester.gov.uk/,['http://chichester.moderngov.co.uk/']
43,Early Days of a Better Nation ,LIVE,QA issues found,False,False,False,True,http://kenmacleod.blogspot.co.uk/,['http://kenmacleod.blogspot.com/']
7829,Elmbridge Borough Council,LIVE,No QA issues found (OK to publish),False,False,False,True,http://www.elmbridge.gov.uk/,"['http://mygov.elmbridge.gov.uk/', 'http://consult.elmbridge.gov.uk/']"
29658,Valley Naturalist,LIVE,No QA issues found (OK to publish),True,False,False,True,http://valleynaturalist.blogspot.co.uk/,[]
1800,Bracknell Forest Council,LIVE,No QA issues found (OK to publish),False,False,False,True,http://www.bracknell-forest.gov.uk/,"['http://consult.bracknell-forest.gov.uk/portal/', 'http://democratic.bracknell-forest.gov.uk/']"
28153,Alastair Campbell,LIVE,No QA issues found (OK to publish),False,False,False,True,http://www.alastaircampbell.org/,[]
35364,Ayrshire & Arran Liberal Democrats,LIVE,QA issues found,False,False,False,True,http://www.ayrshirelibdems.org.uk/,[]
6723,Mid Devon District Council,,No QA issues found (OK to publish),False,False,False,True,http://www.middevon.gov.uk/,[]
5958,Action on Smoking and Health (ASH),,No QA issues found (OK to publish),False,False,False,True,http://www.ash.org.uk/,[]
2932,Mumsnet,,QA issues found,False,False,False,True,http://www.mumsnet.com/,[]
1865,Birmingham City Council,LIVE,QA issues found,False,False,False,True,http://www.birmingham.gov.uk/,[]
6484,Chiltern District Council,LIVE,No QA issues found (OK to publish),False,False,False,True,http://www.chiltern.gov.uk/,['https://isa.chiltern.gov.uk/']
6333,Aylesbury Vale District Council,LIVE,No QA issues found (OK to publish),False,False,False,True,http://www.aylesburyvaledc.gov.uk/,['http://democracy.aylesburyvaledc.gov.uk/']
1802,Buckinghamshire County Council,LIVE,QA issues found,False,False,False,True,http://www.buckscc.gov.uk/,[]
1856,Luton Borough Council,LIVE,No QA issues found (OK to publish),True,False,False,True,http://www.luton.gov.uk/,"['http://consult.luton.gov.uk/', 'http://democracy.luton.gov.uk/']"
22295,Martin's View,LIVE,No QA issues found (OK to publish),False,False,False,True,http://martinveart.blogspot.co.uk/,[]
32741,Scottish Referendum · Conversations · Disqus,LIVE,QA issues found,False,False,False,True,https://disqus.com/home/forum/scottishreferendum/,['http://ref.dev/']
3187,Unison,LIVE,No QA issues found (OK to publish),False,False,False,True,http://www.unison.org.uk/,[]
12644,Sarah Boyack MSP,LIVE,No QA issues found (OK to publish),False,False,False,True,http://www.sarahboyack.com/,[]
15799,"Recruitment & Employment Confederation (REC), The",LIVE,No QA issues found (OK to publish),False,False,False,True,https://www.rec.uk.com/,[]
17969,London Health Board,LIVE,No QA issues found (OK to publish),False,False,False,True,http://www.londonhealthboard.org.uk/,[]
31538,Museums Computer Group,LIVE,No QA issues found (OK to publish),False,False,False,True,http://museumscomputergroup.org.uk/,[]
3107,National Council for Voluntary Organisations (NCVO),LIVE,QA issues found,False,False,False,True,http://blogs.ncvo.org.uk/,['http://www.ncvo-vol.org.uk/']
28268,Margaret Thatcher Foundation,LIVE,No QA issues found (OK to publish),False,False,False,True,http://www.margaretthatcher.org/,[]
3085,Mental Health Foundation,LIVE,QA issues found,False,False,False,True,http://www.mentalhealth.org.uk/,[]
34589,"Iron Yard, The",LIVE,QA issues found,True,False,False,True,https://www.theironyard.com/,[]
33235,Decoded,LIVE,QA issues found,True,False,False,True,https://decoded.com/en-gb/,[]
35405,Wired Score,LIVE,QA issues found,True,False,False,True,http://wiredscore.london/,[]
33030,JasonSlater.com,LIVE,QA issues found,True,False,False,True,http://www.jasonslater.com/,[]
35194,Rudaí 23: A 23 Things Collaboration,LIVE,No QA issues found (OK to publish),False,False,False,True,http://rudai23.blogspot.ie/,['http://rudai23.blogspot.co.uk/']
758,Chartered Society of Physiotherapy (CSP),LIVE,QA issues found,False,False,False,True,http://www.csp.org.uk/,[]
32096,Software Sustainability Institute,LIVE,QA issues found,True,False,False,True,http://www.software.ac.uk/,[]
33008,Association for Learning Technology (ALT),LIVE,No QA issues found (OK to publish),False,False,False,True,https://www.alt.ac.uk/,[]
9433,"Honey Pi Project, The",LIVE,No QA issues found (OK to publish),False,False,False,True,http://www.honeypi.org.uk/,[]
35026,Website Design Carmarthen,LIVE,No QA issues found (OK to publish),False,False,False,True,http://www.websitedesigncarmarthen.co.uk/,[]
32059,Raspberry Pi ,LIVE,QA issues found,False,False,False,True,https://www.raspberrypi.org/,[]
32058,Code Club,LIVE,QA issues found,False,False,False,True,https://www.codeclub.org.uk/,[]
31929,Mirror Web ,LIVE,No QA issues found (OK to publish),False,False,False,True,https://www.mirror-web.com/,[]
31613,Nine Worlds,LIVE,Recrawl Requested,True,False,False,True,https://nineworlds.co.uk/,[]
31605,CPC Game Reviews,LIVE,No QA issues found (OK to publish),False,False,False,True,http://www.cpcgamereviews.com/,[]
31596,Tim's Amstrad NC Users' Site,LIVE,No QA issues found (OK to publish),False,False,False,True,http://www.ncus.org.uk/,[]
8034,"Video Standards Council, The",LIVE,No QA issues found (OK to publish),False,False,False,True,http://www.videostandards.org.uk/,[]
31488,Digital 2015,LIVE,QA issues found,True,False,False,True,http://www.digital2015.co.uk/,[]
2902,38 Degrees,LIVE,No QA issues found (OK to publish),True,False,False,True,http://www.38degrees.org.uk/,"['https://speakout.38degrees.org.uk/', 'https://you.38degrees.org.uk/']"
1861,St Albans City and District Council,LIVE,No QA issues found (OK to publish),False,False,False,True,http://www.stalbans.gov.uk/,['http://stalbans.moderngov.co.uk/']
6572,Lewes District Council,LIVE,No QA issues found (OK to publish),True,False,False,True,http://www.lewes.gov.uk/,"['http://lewes.cmis.uk.com/', 'http://www.lewesphoenix.org/']"
31359,LEO Computers Society,LIVE,QA issues found,True,False,False,True,http://www.leo-computers.org.uk/,[]
31467,National Archive of Educational Computing,LIVE,No QA issues found (OK to publish),False,False,False,True,http://www.naec.org.uk/,[]
31468,Retro-kit,LIVE,No QA issues found (OK to publish),False,False,False,True,http://www.retro-kit.co.uk/,[]
31463,mdfs.net,LIVE,Recrawl Requested,False,False,False,True,http://mdfs.net/,[]
13536,Unite Scotland,LIVE,QA issues found,False,False,True,True,http://www.unitetheunion.org/how-we-help/listofregions/scotland/,[]
31163,British Library: Voices of Science: Geoff Tootill,LIVE,No QA issues found (OK to publish),False,False,False,True,http://www.bl.uk/voices-of-science/interviewees/geoff-tootill,[]
31144,Hannah Fry,LIVE,QA issues found,False,False,False,True,http://www.hannahfry.co.uk/,[]
31139,RWAP Software,LIVE,No QA issues found (OK to publish),False,False,False,True,http://www.rwapsoftware.co.uk/,[]
31136,Retro Gaming Collector,LIVE,QA issues found,True,False,False,True,http://www.retrogamingcollector.com/,['http://retrogamingcollector.blogspot.com/']
30985,Time-Line Computer Archive,LIVE,QA issues found,True,False,False,True,http://t-lcarchive.org/,[]
30984,Centre for Computing History,LIVE,QA issues found,True,False,False,True,http://www.computinghistory.org.uk/,[]
30983,IBM Hursley Museum,LIVE,QA issues found,True,False,False,True,http://hursley.slx-online.biz/,[]
30979,Our Computer Heritage Project,LIVE,No QA issues found (OK to publish),False,False,False,True,http://www.ourcomputerheritage.org/,[]
30873,Education Quizzes: Learning KS2 ICT,LIVE,No QA issues found (OK to publish),False,False,False,True,http://m.educationquizzes.com/ks2/ict/,[]
16159,"Internet Watch Foundation (IWF), The",LIVE,No QA issues found (OK to publish),False,False,False,True,https://www.iwf.org.uk/,[]
2915,Church of England,,QA issues found,False,False,False,True,http://www.churchofengland.org/,['http://www.cofe.anglican.org/']
13916,Cuttlefish Multimedia,LIVE,No QA issues found (OK to publish),False,False,False,True,http://cuttlefish.com/,[]
9869,Silverlight Developer,LIVE,No QA issues found (OK to publish),False,False,False,True,http://blog.mark-stevens.co.uk/,[]
8851,Computing At School,LIVE,QA issues found,True,False,True,True,http://www.computingatschool.org.uk/,[]
7278,Museum of Computing,LIVE,No QA issues found (OK to publish),True,False,False,True,http://www.museumofcomputing.org.uk/,[]
7235,"National Museum of Computing, The",LIVE,No QA issues found (OK to publish),False,False,False,True,http://www.tnmoc.org/,[]
6491,GamesIndustry,LIVE,QA issues found,True,False,False,True,http://www.gamesindustry.biz/,[]
6483,Eurogamer,LIVE,QA issues found,True,False,False,True,http://www.eurogamer.net/,[]
5587,Charles Beagrie,LIVE,QA issues found,True,False,False,True,http://www.beagrie.com/,[]
5232,Codes and Ciphers in the Second World War,LIVE,No QA issues found (OK to publish),False,False,False,True,http://www.codesandciphers.org.uk/,[]
3247,Society for Computers and Law ,LIVE,QA issues found,False,False,False,True,http://www.scl.org/,['http://zeus.zehuti.com/zeus/style']
2220,GameCity,LIVE,QA issues found,True,False,False,True,http://gamecity.org/,[]
2179,Blitz Games Studios,LIVE,No QA issues found (OK to publish),False,False,False,True,http://www.blitzgamesstudios.com/,[]
2174,"Oliver Twins, The",LIVE,No QA issues found (OK to publish),False,False,False,True,http://www.olivertwins.com/,[]
2059,Blitz Games,LIVE,No QA issues found (OK to publish),False,False,False,True,http://www.blitzgames.com/,[]
2010,Cubicgarden.com - The thoughts and ideas of a dyslexic designer/developer,LIVE,No QA issues found (OK to publish),False,False,False,True,http://www.cubicgarden.com/,[]
33966,"Wolfson College, University of Cambridge",LIVE,No QA issues found (OK to publish),True,False,False,True,http://www.wolfson.cam.ac.uk/,['https://www.flickr.com/photos/wolfsoncollege/albums']
31154,David Hey's Collection,LIVE,No QA issues found (OK to publish),True,False,False,True,http://www.davidheyscollection.com/,[]
19710,Beyond The Joke,LIVE,No QA issues found (OK to publish),False,False,False,True,http://www.beyondthejoke.co.uk/,[]
2186,Funny Women,LIVE,QA issues found,True,False,False,True,http://www.funnywomen.com/,['http://funnywomen.n9design.com/']
30174,Think Before You Laugh (Ivor Dembina),LIVE,No QA issues found (OK to publish),False,False,False,True,http://thinkbeforeyoulaugh.com/,[]
28007,What The Frock! Comedy Events,LIVE,No QA issues found (OK to publish),False,False,False,True,http://www.whatthefrockcomedy.co.uk/,[]
30300,Old Jewish Jokes,LIVE,No QA issues found (OK to publish),False,False,False,True,http://www.oldjewishjokes.co.uk/,[]
18612,Chortle: Mark Thomas,LIVE,No QA issues found (OK to publish),True,False,False,True,http://www.chortle.co.uk/comics/m/25/mark_thomas,[]
31505,Twitter Comedy,LIVE,No QA issues found (OK to publish),False,False,False,True,http://www.twittercomedy.tiernandouieb.co.uk/,[]
20041,Research Information: 'Creating an archive just for a giggle' (British Stand-Up Comedy Archive),LIVE,No QA issues found (OK to publish),False,False,False,True,http://www.researchinformation.info/news/news_story.php?news_id=1839,[]
18611,Chortle: Linda Smith,LIVE,No QA issues found (OK to publish),True,False,False,True,http://www.chortle.co.uk/comics/l/93/linda_smith,[]
27060,Londonist: Comedy ,LIVE,QA issues found,True,False,False,True,http://londonist.com/category/theatre-and-arts/comedy,[]
33549,Lost Treasures of the Black Heart,LIVE,No QA issues found (OK to publish),False,False,False,True,http://www.losttreasurespodcast.com/,[]
23813,Josie Long,LIVE,QA issues found,True,False,False,True,http://www.josielong.com/,[]
27993,Comedy Support Act,LIVE,Recrawl Requested,True,False,False,True,http://www.comedysupportact.org.uk/,[]
29955,"Camden Fringe, The",LIVE,No QA issues found (OK to publish),False,False,False,True,http://camdenfringe.com/,[]
20428,David Stewart MSP | Highlands & Islands MSPs (Lab),LIVE,No QA issues found (OK to publish),False,False,False,True,http://www.himsps.org.uk/davidstewart/,[]
20370,Target Ovarian Cancer: Loving Linda comedy gala,LIVE,QA issues found,True,False,False,True,http://www.targetovariancancer.org.uk/fundraising/loving-linda-comedy-gala,[]
18630,Socialist Worker: Linda Smith 1957-2006,LIVE,No QA issues found (OK to publish),False,False,False,True,http://socialistworker.co.uk/art/8240/Linda+Smith+1957%E2%80%932006,[]
30299,New Jewish Jokes,LIVE,No QA issues found (OK to publish),False,False,False,True,http://www.newjewishjokes.co.uk/,[]
31504,Tiernan Douieb,LIVE,QA issues found,True,False,False,True,http://www.tiernandouieb.co.uk/,[]
27065,Comedy Club 4 Kids,LIVE,No QA issues found (OK to publish),True,False,False,True,http://www.comedyclub4kids.co.uk/,[]
27027,Chortle: Richard Herring,LIVE,No QA issues found (OK to publish),True,False,False,True,http://www.chortle.co.uk/comics/r/579/richard_herring,[]
27989,Hampstead Comedy Club,LIVE,No QA issues found (OK to publish),False,False,False,True,http://www.hampsteadcomedy.co.uk/,[]
21879,Londonist : Exhibition Explores The Rise And Fall Of Alternative Comedy,LIVE,Recrawl Requested,False,False,False,True,http://londonist.com/2015/02/photos-capture-glory-days-of-alternative-comedy.php,[]
30801,Lost Voice Guy,LIVE,Recrawl Requested,False,False,False,True,http://lostvoiceguy.com/,[]
5493,Skills for Health,LIVE,QA issues found,True,False,False,True,http://www.skillsforhealth.org.uk/,[]
12631,Legacy 2014 XX Commonwealth Games Glasgow,LIVE,QA issues found,False,False,True,True,http://www.legacy2014.co.uk/,[]
23333,Photographic Memorabilia,LIVE,No QA issues found (OK to publish),False,False,False,True,http://www.photomemorabilia.co.uk/,[]
5188,Chrissie Gittins,LIVE,No QA issues found (OK to publish),False,False,False,True,http://www.chrissiegittins.co.uk/,[]
32910,"Dr. Rowan Williams, 104th Archbishop of Canterbury",LIVE,QA issues found,True,False,False,True,http://rowanwilliams.archbishopofcanterbury.org/,[]
7544,National Coalition for Independent Action (NCIA),LIVE,No QA issues found (OK to publish),False,False,False,True,http://www.independentaction.net/,[]
5732,Information Literacy Weblog,LIVE,QA issues found,True,False,False,True,http://information-literacy.blogspot.co.uk/,[]
33593,Roger Casement and the Irish Brigade ,LIVE,No QA issues found (OK to publish),False,False,False,True,http://www.irishbrigade.eu/,[]
29996,Memorabilia from the 1916 Easter Rising,LIVE,No QA issues found (OK to publish),False,False,False,True,http://www.theeasterrising.eu,[]
33419,Friends of Highland Road Cemetery,LIVE,No QA issues found (OK to publish),False,False,False,True,http://www.friendsofhighlandroadcemetery.org.uk/,[]
3017,British Sociological Association (BSA),LIVE,No QA issues found (OK to publish),False,False,False,True,http://www.britsoc.co.uk/,[]
3015,British Screen Advisory Council (BSAC),LIVE,No QA issues found (OK to publish),False,False,False,True,http://www.bsac.uk.com/,[]
10497,Big UK Domain Data for the Arts and Humanities,LIVE,No QA issues found (OK to publish),False,False,False,True,http://buddah.projects.history.ac.uk/,[]
33120,Fighterboy,LIVE,No QA issues found (OK to publish),False,False,False,True,http://www.fighterboy.uk/,[]
33121,"Apaches, The",LIVE,No QA issues found (OK to publish),False,False,False,True,http://www.apaches.org.uk/,[]
3307,Salvation Army,,"Failed, Pass to Engineer",False,False,False,True,http://www1.salvationarmy.org.uk/,"['http://www.salvationarmy.org.uk/', 'http://news.salvationarmy.org.uk/']"
4880,"Bibliographical Society, The",LIVE,QA issues found,False,False,False,True,http://www.bibsoc.org.uk/,[]
2936,National Trust,LIVE,No QA issues found (OK to publish),False,False,False,True,http://www.nationaltrust.org.uk/,['http://images.nationaltrust.org.uk/']
3002,Barbican,LIVE,QA issues found,True,False,False,True,http://www.barbican.org.uk/,[]
3000,Arts Council England,LIVE,No QA issues found (OK to publish),False,False,False,True,http://www.artscouncil.org.uk/,[]
6822,ARK - Access Research Knowledge,LIVE,QA issues found,True,False,True,True,http://www.ark.ac.uk/,[]
2998,Archives Hub,LIVE,No QA issues found (OK to publish),False,False,False,True,http://archiveshub.ac.uk/,[]
2993,Academy of Social Sciences,LIVE,No QA issues found (OK to publish),False,False,False,True,https://acss.org.uk/,"['http://www.acss.org.uk/', 'http://acss.org.uk/']"
31640,Bruce On Games,LIVE,No QA issues found (OK to publish),False,False,False,True,http://www.bruceongames.com/,[]
31138,Sell My Retro,LIVE,No QA issues found (OK to publish),False,False,False,True,http://www.sellmyretro.com/,[]
7289,Chrissy Williams,LIVE,QA issues found,True,False,False,True,http://chrissywilliams.blogspot.com/,['http://chrissywilliams.blogspot.co.uk/']
32657,"Alan Bissett | novels, plays, films, banter",LIVE,QA issues found,False,False,False,True,http://alanbissett.com/,"['http://bissettalan.files.wordpress.com/', 'https://bissettalan.wordpress.com/', 'https://s1.wp.com/wp-content/mu-plugins/global-print/global-print.css?m=1444132114g']"
32162,Society of Chief Librarians,LIVE,QA issues found,False,False,True,True,http://goscl.com/,[]
28206,Wild Rye,LIVE,QA issues found,False,False,False,True,http://www.wildrye.info/,[]
27869,Blue Skies Research,LIVE,QA issues found,False,False,False,True,https://bskiesresearch.wordpress.com/,[]
27118,"British Academy of Fencing (BFA), The",LIVE,No QA issues found (OK to publish),False,False,False,True,http://www.baf-fencing.com/,[]
27070,Bring Back British Rail,LIVE,No QA issues found (OK to publish),False,False,False,True,http://www.bringbackbritishrail.org/,[]
26248,RoaDMaP - Leeds Research Data Management Pilot,LIVE,No QA issues found (OK to publish),False,False,False,True,https://library.leeds.ac.uk/roadmap-project,[]
20275,"Small Museum, The",LIVE,QA issues found,False,False,False,True,http://thesmallmuseum.org/,[]
19596,Anglican Alliance,LIVE,No QA issues found (OK to publish),False,False,False,True,http://www.anglicanalliance.org/,['http://www.anglicanmap.org/']
18288,United Kingdom Association of Fire Investigators (UK-AFI),LIVE,No QA issues found (OK to publish),False,False,False,True,http://www.iaai-uk.org/,[]
4211,"Conversation, The: Tories forget how the internet works",LIVE,QA issues found,False,False,False,True,http://theconversation.com/tories-forget-how-the-internet-works-deletegate-reminds-them-20323,[]
29720,States of Jersey,LIVE,No QA issues found (OK to publish),False,False,False,True,http://www.gov.je/,[]
28629,Polish Squadrons Remembered,LIVE,QA issues found,True,False,False,True,http://www.polishsquadronsremembered.com/,[]
29358,International Clematis Society,LIVE,QA issues found,True,False,False,True,http://www.clematisinternational.com/,[]
29638,Crescent Arts Centre,LIVE,QA issues found,True,False,False,True,http://www.crescentarts.org/,['http://crescentarts.ticketsolve.com/']
17586,Deconstructive Wasteland: the website of poet and critic Ben Wilkinson,LIVE,QA issues found,True,False,False,True,http://www.benwilkinson.org/,[]
29652,Salisbury International Arts Festival ,LIVE,QA issues found,True,False,False,True,https://www.salisburyfestival.co.uk/,[]
27943,Visit Surrey,LIVE,QA issues found,True,False,False,True,http://www.visitsurrey.com/,[]
9338,North Craven Heritage Trust,LIVE,No QA issues found (OK to publish),True,False,False,True,http://www.northcravenheritage.org.uk/,[]
30436,Thomas Forester Pottery,LIVE,No QA issues found (OK to publish),False,False,False,True,http://thomasforester.com/,[]
3395,Muslim Association of Britain,LIVE,QA issues found,False,False,False,True,http://www.mabonline.net/,[]
1840,Durham County Council,LIVE,No QA issues found (OK to publish),False,False,False,True,http://www.durham.gov.uk/,[]
13054,"Ashmolean Museum, The",LIVE,QA issues found,True,False,False,True,http://www.ashmolean.org/,['http://www.ashmoleanprints.com/']
15798,History and Policy ,LIVE,QA issues found,False,False,False,True,http://www.historyandpolicy.org/,[]
31432,Welsh Highland Railway,LIVE,No QA issues found (OK to publish),False,False,False,True,http://www.isengard.co.uk/,[]
31133,Pineapster,LIVE,No QA issues found (OK to publish),False,False,False,True,http://pineapster.com/,[]
8476,Cotton Times,VANISHED,No QA issues found (OK to publish),False,False,False,True,http://www.cottontimes.co.uk/,[]
20427,British Comedy Guide - All About UK Comedy,LIVE,No QA issues found (OK to publish),False,False,False,True,http://www.comedy.co.uk/,[]
4,Adoption UK,,QA issues found,False,False,False,True,http://www.adoptionuk.org/,[]
30048,"ScottBouch.com - Technology, Engineering, Making, Fixing & Improving Things",LIVE,QA issues found,True,False,False,True,https://www.scottbouch.com/,[]
27048,British Thyroid Association (BTA),LIVE,QA issues found,True,False,False,True,http://www.british-thyroid-association.org/,[]
27073,"Fine Art Society, The",LIVE,QA issues found,True,False,False,True,http://www.faslondon.com/,"['http://faslondon.com/fasc', 'http://faslondon.com/fas']"
28266,British Oceanographic Data Centre (BODC),LIVE,"Failed, Pass to Engineer",True,False,False,True,http://www.bodc.ac.uk/,[]
6036,St Pancras International,LIVE,No QA issues found (OK to publish),False,False,False,True,http://www.stpancras.com/,[]
18364,"International Federation of Aromatherapists, The",LIVE,QA issues found,True,False,False,True,http://www.ifaroma.org/,[]
7273,Society for Anglo-Chinese Understanding (SACU),LIVE,No QA issues found (OK to publish),False,False,False,True,http://www.sacu.org/,[]
20429,Talking of Sex,LIVE,QA issues found,True,False,False,True,http://www.simonatbrookcharity.blogspot.co.uk/,[]
29535,Konditor & Cook,LIVE,No QA issues found (OK to publish),True,False,False,True,http://www.konditorandcook.com/,[]
17885,Digital Stroud,LIVE,No QA issues found (OK to publish),True,False,False,True,http://www.digitalstroud.co.uk/,[]
28506,In their own words: collecting experiences of the First World War,LIVE,No QA issues found (OK to publish),True,False,False,True,http://collaborativecollections.org/WorldWarOne/,[]
28079,Frog and Bucket Comedy Club,LIVE,QA issues found,True,False,False,True,http://www.frogandbucket.com/,[]
27107,Academy of Medical Educators,LIVE,QA issues found,True,False,False,True,http://www.medicaleducators.org/,[]
29727,BRITDOC Foundation,LIVE,No QA issues found (OK to publish),True,False,True,True,https://britdoc.org/,[]
22668,Touch,LIVE,QA issues found,True,False,False,True,http://www.touch33.net/,[]
2320,Robert Louis Stevenson,LIVE,No QA issues found (OK to publish),False,False,False,True,http://www.robert-louis-stevenson.org/,[]
29533,Ossett - The History of a Yorkshire Town,LIVE,No QA issues found (OK to publish),False,False,False,True,http://www.ossett.net/,[]
16209,"British Hypertension Society (BHT), The",LIVE,No QA issues found (OK to publish),False,False,False,True,http://www.bhsoc.org/,[]
5606,Quality Assurance Agency for Higher Education (QAA),LIVE,QA issues found,False,False,False,True,http://www.qaa.ac.uk/,[]
8111,Lewes History Group,LIVE,QA issues found,True,False,False,True,http://leweshistory.org.uk/,['https://leweshistory.files.wordpress.com/']
5155,Froglife,LIVE,No QA issues found (OK to publish),False,False,False,True,http://www.froglife.org/,[]
8177,Sound Women,LIVE,QA issues found,False,False,False,True,http://soundwomen.co.uk/,[]
2875,British Computer Society (BCS),LIVE,No QA issues found (OK to publish),False,False,False,True,http://www.bcs.org/,[]
8154,British GENES (British Genealogy News and Events),LIVE,QA issues found,True,False,False,True,http://britishgenes.blogspot.co.uk/,[]
28398,UK Archives Discovery Network,LIVE,No QA issues found (OK to publish),False,False,False,True,http://www.ukad.org/,[]
7520,Young People's Trust for the Environment,LIVE,QA issues found,False,False,False,True,http://www.ypte.org.uk/,[]
28480,Livingstone Online,LIVE,No QA issues found (OK to publish),False,False,False,True,http://livingstoneonline.org/,[]
28605,"Roman Military Research Society (RMRS), The",LIVE,No QA issues found (OK to publish),False,False,False,True,http://www.romanarmy.net/,[]
29616,Pop Up Festival,LIVE,No QA issues found (OK to publish),False,False,False,True,http://pop-up.org.uk/festival/,[]
18006,"Library Campaign, The",LIVE,No QA issues found (OK to publish),True,False,False,True,http://www.librarycampaign.com/,[]
28871,EasySRE ,LIVE,No QA issues found (OK to publish),False,False,False,True,http://www.easysre.net/,[]
29993,Larkin25,LIVE,No QA issues found (OK to publish),False,False,False,True,http://www.larkin25.co.uk/,[]
27119,British Academy of Cosmetic Dentistry (BACD),LIVE,No QA issues found (OK to publish),False,False,False,True,http://bacd.com/,[]
29729,Rotary International in Great Britain and Ireland (RIBI),LIVE,No QA issues found (OK to publish),False,False,False,True,http://www.rotarygbi.org/,[]
30047,Andy Hollingworth,LIVE,No QA issues found (OK to publish),False,False,False,True,http://www.andyhollingworth.com/,[]
20190,International Compliance Training (ICT),LIVE,No QA issues found (OK to publish),False,False,False,True,http://www.int-comp.com/,[]
30369,fourteeneighteen,LIVE,No QA issues found (OK to publish),False,False,False,True,http://www.fourteeneighteen.co.uk/,[]
5398,Bletchley Park,LIVE,No QA issues found (OK to publish),False,False,False,True,http://www.bletchleypark.org.uk/,[]
6198,WesternWeb Computer Services,LIVE,No QA issues found (OK to publish),False,False,False,True,http://www.westernweb.co.uk/,[]
6627,"Subject Centre for Information and Computer Sciences (ICS), The Higher Education Academy",VANISHED,No QA issues found (OK to publish),False,False,False,True,http://www.ics.heacademy.ac.uk/,[]
2635,Computer Conservation Society,LIVE,No QA issues found (OK to publish),False,False,False,True,http://www.computerconservationsociety.org/,[]
4869,CHArt: Computers and the History of Art,,No QA issues found (OK to publish),False,False,False,True,http://www.chart.ac.uk/,[]
28609,Transport Scotland: Forth Bridge at 125,LIVE,No QA issues found (OK to publish),False,False,False,True,http://www.transportscotland.gov.uk/news/forth-bridge-125,[]
5594,British Computer Association of the Blind (BCAB),LIVE,No QA issues found (OK to publish),False,False,False,True,http://www.bcab.org.uk/,[]
7244,"Theatres Trust, The",LIVE,No QA issues found (OK to publish),False,False,False,True,http://www.theatrestrust.org.uk/,[]
8390,Trinity Laban Conservatoire of Music and Dance,LIVE,No QA issues found (OK to publish),False,False,False,True,http://www.trinitylaban.ac.uk/,[]
8318,Architectural Association School of Architecture,LIVE,No QA issues found (OK to publish),False,False,False,True,http://www.aaschool.ac.uk/,[]
5354,Royal College of Art (RCA),LIVE,QA issues found,False,False,False,True,http://www.rca.ac.uk/,[]
27204,"Royal Holloway, University of London",LIVE,No QA issues found (OK to publish),False,False,False,True,https://www.royalholloway.ac.uk/,[]
21132,"Brookmans Park Newsletter, The",LIVE,No QA issues found (OK to publish),False,False,False,True,http://www.brookmans.com/,[]
8605,University of Kent,LIVE,QA issues found,False,False,False,True,http://www.kent.ac.uk/,[]
6041,Falmouth University ,LIVE,No QA issues found (OK to publish),False,False,False,True,http://www.falmouth.ac.uk/,[]
7243,"Dad's Army Appreciation Society, The",,No QA issues found (OK to publish),False,False,False,True,http://www.dadsarmy.co.uk/,[]
6907,"Army Children Archive, The (TACA)",,No QA issues found (OK to publish),False,False,False,True,http://www.archhistory.co.uk/,[]
2906,British Army Rumour Service (ARRSE),,QA issues found,False,False,False,True,http://www.arrse.co.uk/,[]
2581,Cambridgeshire Army Cadet Force,,No QA issues found (OK to publish),False,False,False,True,http://www.cambsacf.com/,[]
